{
    "feature": "watching:leafless_birch_and_oak",
    "placement": [
      {
        "type": "minecraft:count",
        "count": {
          "type": "minecraft:weighted_list",
          "distribution": [
            {
              "weight": 9,
              "data": 10
            },
            {
              "weight": 1,
              "data": 11
            }
          ]
        }
      },
      {
        "type": "minecraft:in_square"
      },
      {
        "type": "minecraft:surface_water_depth_filter",
        "max_water_depth": 0
      },
      {
        "type": "minecraft:heightmap",
        "heightmap": "OCEAN_FLOOR"
      },
      {
        "type": "minecraft:biome"
      }
    ]
  }
  