{
	"parent": "item/handheld",
	"textures": {
		"layer0": "item/carved_pumpkin"
	},
	"overrides": [
		{ "predicate": { "custom_model_data": 0 }, "model": "block/carved_pumpkin" },
		{ "predicate": { "custom_model_data": 1 }, "model": "hats/ufo" },
		{ "predicate": { "custom_model_data": 2 }, "model": "hats/red_hat" },
		{ "predicate": { "custom_model_data": 3 }, "model": "hats/santa_hat" },
		{ "predicate": { "custom_model_data": 4 }, "model": "hats/red_and_white" },
		{ "predicate": { "custom_model_data": 5 }, "model": "hats/sculk" },
		{ "predicate": { "custom_model_data": 6 }, "model": "hats/witch_hat" },
		{ "predicate": { "custom_model_data": 7 }, "model": "hats/mushroom_hat" },
		{ "predicate": { "custom_model_data": 8 }, "model": "hats/farmer" },
		{ "predicate": { "custom_model_data": 9 }, "model": "hats/book" },
		{ "predicate": { "custom_model_data": 10 }, "model": "hats/prop_hat" }

	]
}