{
  "type": "minecraft:jigsaw",
  "biomes": [
    "minecraft:forest",
    "minecraft:birch_forest",
    "minecraft:old_growth_birch_forest",
    "minecraft:windswept_forest",
    "watching:leafless_grove"
  ],
  "step": "surface_structures",
  "spawn_overrides": {},
  "terrain_adaptation": "beard_thin",
  "start_pool": "watching:mossy_pyramid2",
  "size": 1,
  "start_height": {
    "absolute": 0
  },
  "project_start_to_heightmap": "WORLD_SURFACE_WG",
  "max_distance_from_center": 80,
  "use_expansion_hack": false
}
