{
	"credit": "Made with Blockbench",
	"textures": {
		"2": "hat_textures/pole",
		"3": "hat_textures/bill",
		"2_0": "hat_textures/propeller",
		"2_1": "hat_textures/hat"
	},
	"elements": [
		{
			"from": [3.5, 0, 3.5],
			"to": [12.5, 5, 12.5],
			"rotation": {"angle": 0, "axis": "x", "origin": [7.5, 8.5, 7.5]},
			"faces": {
				"north": {"uv": [4.5, 0, 9, 2.5], "texture": "#2_1"},
				"east": {"uv": [4.5, 7.5, 9, 10], "texture": "#2_1"},
				"south": {"uv": [4.5, 5, 9, 7.5], "texture": "#2_1"},
				"west": {"uv": [4.5, 10, 9, 12.5], "texture": "#2_1"},
				"up": {"uv": [4.5, 4.5, 0, 0], "texture": "#2_1"},
				"down": {"uv": [4.5, 4.5, 0, 9], "texture": "#2_1"}
			}
		},
		{
			"from": [12.5, 5, 12.5],
			"to": [3.5, 0, 3.5],
			"rotation": {"angle": 0, "axis": "y", "origin": [8, 2.5, 8]},
			"faces": {
				"north": {"uv": [9, 5, 4.5, 7.5], "rotation": 180, "texture": "#2_1"},
				"east": {"uv": [9, 10, 4.5, 12.5], "rotation": 180, "texture": "#2_1"},
				"south": {"uv": [9, 0, 4.5, 2.5], "rotation": 180, "texture": "#2_1"},
				"west": {"uv": [9, 7.5, 4.5, 10], "rotation": 180, "texture": "#2_1"},
				"up": {"uv": [4.5, 4.5, 0, 9], "texture": "#2_1"},
				"down": {"uv": [0, 4.5, 4.5, 0], "texture": "#2_1"}
			}
		},
		{
			"from": [7.5, 5.002, 7.5],
			"to": [8.5, 8.002, 8.5],
			"rotation": {"angle": 0, "axis": "x", "origin": [7.5, 8.5, 7.5]},
			"faces": {
				"north": {"uv": [0, 0, 1, 3], "texture": "#2"},
				"east": {"uv": [1, 0, 2, 3], "texture": "#2"},
				"south": {"uv": [2, 0, 3, 3], "texture": "#2"},
				"west": {"uv": [0, 3, 1, 6], "texture": "#2"},
				"up": {"uv": [4, 1, 3, 0], "texture": "#2"},
				"down": {"uv": [2, 3, 1, 4], "texture": "#2"}
			}
		},
		{
			"from": [1.5, 7, 1.5],
			"to": [14.5, 7, 14.5],
			"rotation": {"angle": 22.5, "axis": "y", "origin": [8, 7, 8]},
			"faces": {
				"north": {"uv": [15, 15, 16, 16], "texture": "#2_0"},
				"east": {"uv": [15, 15, 16, 16], "texture": "#2_0"},
				"south": {"uv": [16, 15, 15, 16], "texture": "#2_0"},
				"west": {"uv": [15, 15, 16, 16], "texture": "#2_0"},
				"up": {"uv": [11.5, 11.5, 4, 4], "rotation": 270, "texture": "#2_0"},
				"down": {"uv": [11.5, 4, 4, 11.5], "rotation": 90, "texture": "#2_0"}
			}
		},
		{
			"from": [3.5, 0, -1.5],
			"to": [12.5, 1, 3.5],
			"rotation": {"angle": 0, "axis": "x", "origin": [7.5, 8.5, 7.5]},
			"faces": {
				"north": {"uv": [4.5, 0, 9, 0.5], "texture": "#3"},
				"east": {"uv": [4.5, 1, 7, 1.5], "texture": "#3"},
				"south": {"uv": [4.5, 0.5, 9, 1], "texture": "#3"},
				"west": {"uv": [4.5, 1.5, 7, 2], "texture": "#3"},
				"up": {"uv": [4.5, 2.5, 0, 0], "texture": "#3"},
				"down": {"uv": [4.5, 2.5, 0, 5], "texture": "#3"}
			}
		}
	],
	"gui_light": "front",
	"display": {
		"thirdperson_righthand": {
			"rotation": [55.5, 34, 0],
			"translation": [1, 7.5, 2.5]
		},
		"thirdperson_lefthand": {
			"rotation": [55.5, 34, 0],
			"translation": [1, 7.5, 2.5]
		},
		"firstperson_righthand": {
			"rotation": [21, 114.5, -13.75],
			"translation": [7.5, 5, -5.5]
		},
		"firstperson_lefthand": {
			"rotation": [21, 114.5, -13.75],
			"translation": [7.5, 5, -5.5]
		},
		"ground": {
			"translation": [0, 5, 0]
		},
		"gui": {
			"rotation": [30, 225, 0],
			"translation": [-0.75, 3, 0],
			"scale": [0.66, 0.66, 0.66]
		},
		"head": {
			"rotation": [2.5, 0, 0],
			"translation": [0, 14.75, 0.5],
			"scale": [1.64492, 1.64492, 1.64492]
		},
		"fixed": {
			"rotation": [-90, 0, 0],
			"translation": [0, 0, -16.5],
			"scale": [2, 2, 2]
		}
	},
	"groups": [
		{
			"name": "model",
			"origin": [8, 8, 8],
			"color": 0,
			"children": [0, 1, 2, 3, 4]
		}
	]
}