{
	"credit": "Made with Blockbench",
	"texture_size": [32, 32],
	"textures": {
		"1": "hat_textures/red_hat",
		"particle": "carved_pumpkin"
	},
	"elements": [
		{
			"from": [3, 0, 6],
			"to": [13, 3, 16],
			"faces": {
				"north": {"uv": [11, 14.5, 16, 16], "texture": "#1"},
				"east": {"uv": [11, 14.5, 16, 16], "texture": "#1"},
				"south": {"uv": [11, 14.5, 16, 16], "texture": "#1"},
				"west": {"uv": [11, 14.5, 16, 16], "texture": "#1"},
				"up": {"uv": [5, 16, 0, 11], "texture": "#1"},
				"down": {"uv": [5, 11, 0, 16], "texture": "#1"}
			}
		},
		{
			"from": [4, 3, 15],
			"to": [12, 3.5, 16],
			"faces": {
				"north": {"uv": [0, 0, 8, 1], "texture": "#1"},
				"east": {"uv": [0, 4, 1, 5], "texture": "#1"},
				"south": {"uv": [0, 1, 8, 2], "texture": "#1"},
				"west": {"uv": [1, 4, 2, 5], "texture": "#1"},
				"up": {"uv": [8, 3, 0, 2], "texture": "#1"},
				"down": {"uv": [8, 3, 0, 4], "texture": "#1"}
			}
		},
		{
			"from": [4, 3, 6],
			"to": [12, 3.5, 7],
			"faces": {
				"north": {"uv": [4, 6, 8, 6.5], "texture": "#1"},
				"east": {"uv": [9, 1.5, 9.5, 2], "texture": "#1"},
				"south": {"uv": [4, 6.5, 8, 7], "texture": "#1"},
				"west": {"uv": [9, 2, 9.5, 2.5], "texture": "#1"},
				"up": {"uv": [8, 7.5, 4, 7], "texture": "#1"},
				"down": {"uv": [8, 7.5, 4, 8], "texture": "#1"}
			}
		},
		{
			"from": [3, 3, 7],
			"to": [4, 3.5, 15],
			"faces": {
				"north": {"uv": [9, 2.5, 9.5, 3], "texture": "#1"},
				"east": {"uv": [0, 8, 4, 8.5], "texture": "#1"},
				"south": {"uv": [9, 3, 9.5, 3.5], "texture": "#1"},
				"west": {"uv": [4, 8, 8, 8.5], "texture": "#1"},
				"up": {"uv": [8.5, 10, 8, 6], "texture": "#1"},
				"down": {"uv": [0.5, 8.5, 0, 12.5], "texture": "#1"}
			}
		},
		{
			"from": [3, 0, 1],
			"to": [13, 0.5, 6],
			"faces": {
				"north": {"uv": [4, 5, 9, 5.5], "texture": "#1"},
				"east": {"uv": [1, 8.5, 3.5, 9], "texture": "#1"},
				"south": {"uv": [4, 5.5, 9, 6], "texture": "#1"},
				"west": {"uv": [9, 1, 11.5, 1.5], "texture": "#1"},
				"up": {"uv": [9, 5.5, 4, 3], "texture": "#1"},
				"down": {"uv": [16, 3.5, 11, 6], "texture": "#1"}
			}
		},
		{
			"from": [4, 0, 0],
			"to": [12, 0.5, 1],
			"faces": {
				"north": {"uv": [0.5, 8.5, 4.5, 9], "texture": "#1"},
				"east": {"uv": [9, 3.5, 9.5, 4], "texture": "#1"},
				"south": {"uv": [8.5, 6.5, 12.5, 7], "texture": "#1"},
				"west": {"uv": [9, 4, 9.5, 4.5], "texture": "#1"},
				"up": {"uv": [12.5, 7.5, 8.5, 7], "texture": "#1"},
				"down": {"uv": [12.5, 7, 8.5, 7.5], "texture": "#1"}
			}
		},
		{
			"from": [12, 3, 7],
			"to": [13, 3.5, 15],
			"faces": {
				"north": {"uv": [9, 4.5, 9.5, 5], "texture": "#1"},
				"east": {"uv": [8.5, 7.5, 12.5, 8], "texture": "#1"},
				"south": {"uv": [9, 5, 9.5, 5.5], "texture": "#1"},
				"west": {"uv": [8.5, 8, 12.5, 8.5], "texture": "#1"},
				"up": {"uv": [5, 12.5, 4.5, 8.5], "texture": "#1"},
				"down": {"uv": [5.5, 8.5, 5, 12.5], "texture": "#1"}
			}
		},
		{
			"from": [4, 3, 7],
			"to": [12, 3.75, 15],
			"faces": {
				"north": {"uv": [8.5, 8.5, 12.5, 9], "texture": "#1"},
				"east": {"uv": [9, 0, 13, 0.5], "texture": "#1"},
				"south": {"uv": [0.5, 9, 4.5, 9.5], "texture": "#1"},
				"west": {"uv": [9, 0.5, 13, 1], "texture": "#1"},
				"up": {"uv": [4, 4, 0, 0], "texture": "#1"},
				"down": {"uv": [4, 4, 0, 8], "texture": "#1"}
			}
		}
	],
	"display": {
		"thirdperson_righthand": {
			"translation": [0, 5.5, 0],
			"scale": [0.69, 0.69, 0.69]
		},
		"thirdperson_lefthand": {
			"translation": [0, 5.5, 0],
			"scale": [0.69, 0.69, 0.69]
		},
		"firstperson_righthand": {
			"rotation": [31, 0, 0],
			"translation": [1.75, 6, 1.75]
		},
		"firstperson_lefthand": {
			"rotation": [31, 0, 0],
			"translation": [1.75, 6, 1.75]
		},
		"ground": {
			"translation": [0, 4.5, 0],
			"scale": [0.8, 0.8, 0.8]
		},
		"gui": {
			"rotation": [36, 131, 0],
			"translation": [-0.25, 4.25, 0],
			"scale": [0.85, 0.85, 0.85]
		},
		"head": {
			"translation": [0, 15.5, -4.5],
			"scale": [1.44, 1.44, 1.44]
		},
		"fixed": {
			"rotation": [-90, 0, 0],
			"translation": [0, 0, -16],
			"scale": [2, 2, 2]
		}
	}
}