{
	"credit": "Made with Blockbench",
	"texture_size": [32, 32],
	"textures": {
		"2": "hat_textures/red_and_white",
		"particle": "scarfs/red_and_white"
	},
	"elements": [
		{
			"from": [2, 0, 2],
			"to": [14, 4, 14],
			"rotation": {"angle": 0, "axis": "y", "origin": [2, 0, 2]},
			"faces": {
				"north": {"uv": [0, 6, 6, 8], "texture": "#2"},
				"east": {"uv": [0, 6, 6, 8], "texture": "#2"},
				"south": {"uv": [0, 6, 6, 8], "texture": "#2"},
				"west": {"uv": [0, 6, 6, 8], "texture": "#2"},
				"up": {"uv": [0, 0, 6, 6], "texture": "#2"},
				"down": {"uv": [0, 0, 6, 6], "texture": "#2"}
			}
		},
		{
			"from": [7, 0, -4],
			"to": [9, 5, 4],
			"rotation": {"angle": 22.5, "axis": "y", "origin": [9, 5, 3]},
			"faces": {
				"north": {"uv": [4, 8, 5, 10], "texture": "#2"},
				"east": {"uv": [0, 8, 4, 10.5], "texture": "#2"},
				"south": {"uv": [4, 8, 5, 10], "texture": "#2"},
				"west": {"uv": [0, 8, 4, 10.5], "texture": "#2"},
				"up": {"uv": [0, 11.5, 5, 10.5], "rotation": 90, "texture": "#2"},
				"down": {"uv": [0, 11.5, 5, 12.5], "rotation": 270, "texture": "#2"}
			}
		},
		{
			"from": [8, 0, -6],
			"to": [8, 5, -4],
			"rotation": {"angle": 22.5, "axis": "y", "origin": [9, 5, 3]},
			"faces": {
				"north": {"uv": [5, 8, 6, 10.5], "texture": "#2"},
				"east": {"uv": [5, 8, 6, 10.5], "texture": "#2"},
				"south": {"uv": [5, 8, 6, 10.5], "texture": "#2"},
				"west": {"uv": [6, 8, 5, 10.5], "texture": "#2"},
				"up": {"uv": [6, 10.5, 5, 8], "rotation": 90, "texture": "#2"},
				"down": {"uv": [5, 8, 6, 10.5], "rotation": 270, "texture": "#2"}
			}
		},
		{
			"from": [9, -0.25, -6.75],
			"to": [9, 4.75, -4.75],
			"rotation": {"angle": -22.5, "axis": "x", "origin": [10, 5, 3]},
			"faces": {
				"north": {"uv": [5, 8, 6, 10.5], "texture": "#2"},
				"east": {"uv": [5, 8, 6, 10.5], "texture": "#2"},
				"south": {"uv": [5, 10.5, 6, 8], "texture": "#2"},
				"west": {"uv": [6, 10.5, 5, 8], "texture": "#2"},
				"up": {"uv": [5, 10.5, 6, 8], "rotation": 90, "texture": "#2"},
				"down": {"uv": [6, 8, 5, 10.5], "rotation": 270, "texture": "#2"}
			}
		},
		{
			"from": [8, -0.5, -4.75],
			"to": [10, 4.5, 3.25],
			"rotation": {"angle": -22.5, "axis": "x", "origin": [10, 5, 3]},
			"faces": {
				"north": {"uv": [4, 8, 5, 10], "texture": "#2"},
				"east": {"uv": [0, 8, 4, 10.5], "texture": "#2"},
				"south": {"uv": [4, 10, 5, 8], "texture": "#2"},
				"west": {"uv": [0, 8, 4, 10.5], "texture": "#2"},
				"up": {"uv": [0, 11.5, 5, 10.5], "rotation": 90, "texture": "#2"},
				"down": {"uv": [0, 11.5, 5, 12.5], "rotation": 270, "texture": "#2"}
			}
		}
	],
	"display": {
		"thirdperson_righthand": {
			"rotation": [73, -90, 0],
			"translation": [0, 1.5, 3.25],
			"scale": [0.55, 0.55, 0.55]
		},
		"thirdperson_lefthand": {
			"rotation": [73, -90, 0],
			"translation": [0, 1.5, 3.25],
			"scale": [0.55, 0.55, 0.55]
		},
		"firstperson_righthand": {
			"rotation": [11, -90, 0],
			"translation": [0, 5.25, 0.75],
			"scale": [0.55, 0.55, 0.55]
		},
		"firstperson_lefthand": {
			"rotation": [11, -90, 0],
			"translation": [0, 5.25, 0.75],
			"scale": [0.55, 0.55, 0.55]
		},
		"ground": {
			"translation": [0, 5.25, 0]
		},
		"gui": {
			"rotation": [27, -40, 0],
			"translation": [0, 3.75, 0],
			"scale": [0.8, 0.8, 0.8]
		},
		"head": {
			"rotation": [0, 180, 0],
			"scale": [1.25, 1.25, 1.25]
		},
		"fixed": {
			"rotation": [-90, 0, 0],
			"translation": [0, 0.25, -8.25]
		}
	},
	"groups": [
		{
			"name": "group",
			"origin": [0, 0, 0],
			"color": 0,
			"children": [
				0,
				{
					"name": "group",
					"origin": [7, 5, 1],
					"color": 0,
					"children": [1, 2]
				},
				{
					"name": "group",
					"origin": [8, 5, 1],
					"color": 0,
					"children": [3, 4]
				}
			]
		}
	]
}