{
	"credit": "Made by Fantasmatico",
	"texture_size": [21, 21],
	"textures": {
		"1": "hat_textures/sculk"
	},
	"elements": [
		{
			"from": [9, 3, 14],
			"to": [10, 4, 15],
			"rotation": {"angle": 0, "axis": "y", "origin": [9.5, 2.28571, 16.14286]},
			"faces": {
				"north": {"uv": [3.80952, 12.19048, 4.57143, 12.95238], "texture": "#1"},
				"east": {"uv": [3.80952, 12.19048, 4.57143, 12.95238], "texture": "#1"},
				"south": {"uv": [3.80952, 12.19048, 4.57143, 12.95238], "texture": "#1"},
				"west": {"uv": [3.80952, 12.19048, 4.57143, 12.95238], "texture": "#1"},
				"up": {"uv": [3.80952, 12.19048, 4.57143, 12.95238], "texture": "#1"},
				"down": {"uv": [3.80952, 12.19048, 4.57143, 12.95238], "texture": "#1"}
			}
		},
		{
			"from": [9, 2, 13],
			"to": [10, 3, 15],
			"rotation": {"angle": 0, "axis": "y", "origin": [9.5, 2.28571, 16.14286]},
			"faces": {
				"north": {"uv": [3.04762, 12.95238, 4.57143, 13.71429], "texture": "#1"},
				"east": {"uv": [3.04762, 12.95238, 4.57143, 13.71429], "texture": "#1"},
				"south": {"uv": [3.04762, 12.95238, 4.57143, 13.71429], "texture": "#1"},
				"west": {"uv": [3.04762, 12.95238, 4.57143, 13.71429], "texture": "#1"},
				"up": {"uv": [3.04762, 12.95238, 4.57143, 13.71429], "texture": "#1"},
				"down": {"uv": [3.04762, 12.95238, 4.57143, 13.71429], "texture": "#1"}
			}
		},
		{
			"from": [9, 0, 14],
			"to": [10, 2, 16],
			"rotation": {"angle": 0, "axis": "y", "origin": [9.5, 2.28571, 16.14286]},
			"faces": {
				"north": {"uv": [3.80952, 13.71429, 5.33333, 14.47619], "texture": "#1"},
				"east": {"uv": [3.80952, 13.71429, 5.33333, 15.2381], "texture": "#1"},
				"south": {"uv": [3.80952, 13.71429, 5.33333, 14.47619], "texture": "#1"},
				"west": {"uv": [3.80952, 13.71429, 5.33333, 15.2381], "texture": "#1"},
				"up": {"uv": [3.80952, 13.71429, 5.33333, 14.47619], "texture": "#1"},
				"down": {"uv": [3.80952, 13.71429, 5.33333, 14.47619], "texture": "#1"}
			}
		},
		{
			"from": [9, 1, 16],
			"to": [10, 3, 17],
			"rotation": {"angle": 0, "axis": "y", "origin": [9.5, 2.28571, 16.14286]},
			"faces": {
				"north": {"uv": [5.33333, 12.95238, 6.09524, 14.47619], "texture": "#1"},
				"east": {"uv": [5.33333, 12.95238, 6.09524, 14.47619], "texture": "#1"},
				"south": {"uv": [5.33333, 12.95238, 6.09524, 14.47619], "texture": "#1"},
				"west": {"uv": [5.33333, 12.95238, 6.09524, 14.47619], "texture": "#1"},
				"up": {"uv": [5.33333, 12.95238, 6.09524, 13.71429], "texture": "#1"},
				"down": {"uv": [5.33333, 13.71429, 6.09524, 14.47619], "texture": "#1"}
			}
		},
		{
			"from": [9, 2, 15],
			"to": [10, 3, 16],
			"rotation": {"angle": 0, "axis": "y", "origin": [9.5, 2.28571, 15.14286]},
			"faces": {
				"north": {"uv": [4.57143, 12.95238, 5.33333, 13.71429], "texture": "#1"},
				"east": {"uv": [4.57143, 12.95238, 5.33333, 13.71429], "texture": "#1"},
				"south": {"uv": [4.57143, 12.95238, 5.33333, 13.71429], "texture": "#1"},
				"west": {"uv": [4.57143, 12.95238, 5.33333, 13.71429], "texture": "#1"},
				"up": {"uv": [4.57143, 12.95238, 5.33333, 13.71429], "texture": "#1"},
				"down": {"uv": [4.57143, 12.95238, 5.33333, 13.71429], "texture": "#1"}
			}
		},
		{
			"from": [9, 3, 16],
			"to": [10, 4, 17],
			"rotation": {"angle": 0, "axis": "y", "origin": [9.5, 2.28571, 16.14286]},
			"faces": {
				"north": {"uv": [5.33333, 12.19048, 6.09524, 12.95238], "texture": "#1"},
				"east": {"uv": [5.33333, 12.19048, 6.09524, 12.95238], "texture": "#1"},
				"south": {"uv": [5.33333, 12.19048, 6.09524, 12.95238], "texture": "#1"},
				"west": {"uv": [5.33333, 12.19048, 6.09524, 12.95238], "texture": "#1"},
				"up": {"uv": [5.33333, 12.19048, 6.09524, 12.95238], "texture": "#1"},
				"down": {"uv": [5.33333, 12.19048, 6.09524, 12.95238], "texture": "#1"}
			}
		},
		{
			"from": [9, 2, 17],
			"to": [10, 4, 20],
			"rotation": {"angle": 0, "axis": "y", "origin": [9.5, 2.28571, 16.14286]},
			"faces": {
				"north": {"uv": [6.09524, 12.19048, 8.38095, 13.71429], "texture": "#1"},
				"east": {"uv": [6.09524, 12.19048, 8.38095, 13.71429], "texture": "#1"},
				"south": {"uv": [6.85714, 12.95238, 8.38095, 13.71429], "texture": "#1"},
				"west": {"uv": [6.09524, 12.19048, 8.38095, 13.71429], "texture": "#1"},
				"up": {"uv": [6.85714, 12.95238, 8.38095, 13.71429], "texture": "#1"},
				"down": {"uv": [7.61905, 12.95238, 8.38095, 13.71429], "texture": "#1"}
			}
		},
		{
			"from": [9, 3, 20],
			"to": [10, 7, 22],
			"rotation": {"angle": 0, "axis": "y", "origin": [9.5, 3.28571, 19.14286]},
			"faces": {
				"north": {"uv": [8.38095, 9.90476, 9.14286, 12.95238], "texture": "#1"},
				"east": {"uv": [8.38095, 9.90476, 9.90476, 12.95238], "texture": "#1"},
				"south": {"uv": [9.14286, 9.90476, 9.90476, 12.95238], "texture": "#1"},
				"west": {"uv": [8.38095, 9.90476, 9.90476, 12.95238], "texture": "#1"},
				"up": {"uv": [8.38095, 9.90476, 9.90476, 10.66667], "texture": "#1"},
				"down": {"uv": [7.61905, 11.42857, 8.38095, 12.95238], "texture": "#1"}
			}
		},
		{
			"from": [9, 1, 21],
			"to": [10, 3, 22],
			"rotation": {"angle": 0, "axis": "y", "origin": [9.5, -0.71429, 19.14286]},
			"faces": {
				"north": {"uv": [9.14286, 12.95238, 9.90476, 14.47619], "texture": "#1"},
				"east": {"uv": [9.14286, 12.95238, 9.90476, 14.47619], "texture": "#1"},
				"south": {"uv": [9.14286, 12.95238, 9.90476, 14.47619], "texture": "#1"},
				"west": {"uv": [9.14286, 12.95238, 9.90476, 14.47619], "texture": "#1"},
				"up": {"uv": [9.14286, 12.95238, 9.90476, 14.47619], "texture": "#1"},
				"down": {"uv": [9.14286, 12.95238, 9.90476, 14.47619], "texture": "#1"}
			}
		},
		{
			"from": [9, 7, 20],
			"to": [10, 9, 21],
			"rotation": {"angle": 0, "axis": "y", "origin": [9.5, 7.28571, 19.14286]},
			"faces": {
				"north": {"uv": [8.38095, 8.38095, 9.14286, 9.90476], "texture": "#1"},
				"east": {"uv": [8.38095, 8.38095, 9.14286, 9.90476], "texture": "#1"},
				"south": {"uv": [8.38095, 8.38095, 9.14286, 9.90476], "texture": "#1"},
				"west": {"uv": [8.38095, 8.38095, 9.14286, 9.90476], "texture": "#1"},
				"up": {"uv": [8.38095, 8.38095, 9.14286, 9.14286], "texture": "#1"},
				"down": {"uv": [8.38095, 9.14286, 9.14286, 9.90476], "texture": "#1"}
			}
		},
		{
			"from": [9, 4, 19],
			"to": [10, 8, 20],
			"rotation": {"angle": 0, "axis": "y", "origin": [9.5, 3.28571, 17.14286]},
			"faces": {
				"north": {"uv": [7.61905, 9.14286, 8.38095, 12.19048], "texture": "#1"},
				"east": {"uv": [7.61905, 9.14286, 8.38095, 12.19048], "texture": "#1"},
				"south": {"uv": [7.61905, 9.14286, 8.38095, 12.19048], "texture": "#1"},
				"west": {"uv": [7.61905, 9.14286, 8.38095, 12.19048], "texture": "#1"},
				"up": {"uv": [7.61905, 9.14286, 8.38095, 10.66667], "texture": "#1"},
				"down": {"uv": [7.61905, 10.66667, 8.38095, 12.19048], "texture": "#1"}
			}
		},
		{
			"from": [9, 6, 18],
			"to": [10, 9, 19],
			"rotation": {"angle": 0, "axis": "y", "origin": [18.5, 7.28571, 16.14286]},
			"faces": {
				"north": {"uv": [6.85714, 8.38095, 7.61905, 10.66667], "texture": "#1"},
				"east": {"uv": [6.85714, 8.38095, 7.61905, 10.66667], "texture": "#1"},
				"south": {"uv": [6.85714, 8.38095, 7.61905, 10.66667], "texture": "#1"},
				"west": {"uv": [6.85714, 8.38095, 7.61905, 10.66667], "texture": "#1"},
				"up": {"uv": [6.85714, 8.38095, 7.61905, 9.14286], "texture": "#1"},
				"down": {"uv": [6.85714, 9.90476, 7.61905, 10.66667], "texture": "#1"}
			}
		},
		{
			"from": [9, 7, 17],
			"to": [10, 8, 18],
			"rotation": {"angle": 0, "axis": "y", "origin": [9.5, 5.28571, 15.14286]},
			"faces": {
				"north": {"uv": [6.09524, 9.14286, 6.85714, 9.90476], "texture": "#1"},
				"east": {"uv": [6.09524, 9.14286, 6.85714, 9.90476], "texture": "#1"},
				"south": {"uv": [6.09524, 9.14286, 6.85714, 9.90476], "texture": "#1"},
				"west": {"uv": [6.09524, 9.14286, 6.85714, 9.90476], "texture": "#1"},
				"up": {"uv": [6.09524, 9.14286, 6.85714, 9.90476], "texture": "#1"},
				"down": {"uv": [6.09524, 9.14286, 6.85714, 9.90476], "texture": "#1"}
			}
		},
		{
			"from": [9, 4, 18],
			"to": [10, 5, 19],
			"rotation": {"angle": 0, "axis": "y", "origin": [9.5, 3.28571, 16.14286]},
			"faces": {
				"north": {"uv": [6.85714, 11.42857, 7.61905, 12.19048], "texture": "#1"},
				"east": {"uv": [6.85714, 11.42857, 7.61905, 12.19048], "texture": "#1"},
				"south": {"uv": [6.85714, 11.42857, 7.61905, 12.19048], "texture": "#1"},
				"west": {"uv": [6.85714, 11.42857, 7.61905, 12.19048], "texture": "#1"},
				"up": {"uv": [6.85714, 11.42857, 7.61905, 12.19048], "texture": "#1"},
				"down": {"uv": [6.85714, 11.42857, 7.61905, 12.19048], "texture": "#1"}
			}
		},
		{
			"from": [9, -1, 18],
			"to": [10, 2, 19],
			"rotation": {"angle": 0, "axis": "y", "origin": [9.5, 2.28571, 16.14286]},
			"faces": {
				"north": {"uv": [6.85714, 13.71429, 7.61905, 16], "texture": "#1"},
				"east": {"uv": [6.85714, 13.71429, 7.61905, 16], "texture": "#1"},
				"south": {"uv": [6.85714, 13.71429, 7.61905, 16], "texture": "#1"},
				"west": {"uv": [6.85714, 13.71429, 7.61905, 16], "texture": "#1"},
				"up": {"uv": [6.85714, 15.2381, 7.61905, 16], "texture": "#1"},
				"down": {"uv": [6.85714, 15.2381, 7.61905, 16], "texture": "#1"}
			}
		},
		{
			"from": [9, 0, 0],
			"to": [10, 2, 2],
			"rotation": {"angle": 0, "axis": "y", "origin": [17, 8, 8]},
			"faces": {
				"north": {"uv": [7.61905, 6.09524, 8.38095, 7.61905], "texture": "#1"},
				"east": {"uv": [6.85714, 6.09524, 8.38095, 7.61905], "texture": "#1"},
				"south": {"uv": [7.61905, 6.09524, 8.38095, 7.61905], "texture": "#1"},
				"west": {"uv": [6.85714, 6.09524, 8.38095, 7.61905], "texture": "#1"},
				"up": {"uv": [6.85714, 6.09524, 8.38095, 6.85714], "texture": "#1"},
				"down": {"uv": [6.85714, 6.09524, 8.38095, 6.85714], "texture": "#1"}
			}
		},
		{
			"from": [9, 2, -4],
			"to": [10, 4, 0],
			"rotation": {"angle": 0, "axis": "y", "origin": [17, 10, 6]},
			"faces": {
				"north": {"uv": [3.80952, 4.57143, 4.57143, 5.33333], "texture": "#1"},
				"east": {"uv": [3.80952, 4.57143, 6.85714, 6.09524], "texture": "#1"},
				"south": {"uv": [6.09524, 4.57143, 6.85714, 6.09524], "texture": "#1"},
				"west": {"uv": [3.80952, 4.57143, 6.85714, 6.09524], "texture": "#1"},
				"up": {"uv": [3.80952, 4.57143, 4.57143, 5.33333], "texture": "#1"},
				"down": {"uv": [4.57143, 5.33333, 5.33333, 6.09524], "texture": "#1"}
			}
		},
		{
			"from": [9, 3, -6],
			"to": [10, 4, -4],
			"rotation": {"angle": 0, "axis": "y", "origin": [17, 10, 2]},
			"faces": {
				"north": {"uv": [2.28571, 4.57143, 3.04762, 5.33333], "texture": "#1"},
				"east": {"uv": [2.28571, 4.57143, 3.80952, 5.33333], "texture": "#1"},
				"south": {"uv": [3.04762, 4.57143, 3.80952, 5.33333], "texture": "#1"},
				"west": {"uv": [2.28571, 4.57143, 3.80952, 5.33333], "texture": "#1"},
				"up": {"uv": [3.04762, 4.57143, 3.80952, 5.33333], "texture": "#1"},
				"down": {"uv": [2.28571, 3.80952, 3.04762, 5.33333], "texture": "#1"}
			}
		},
		{
			"from": [9, 4, -6],
			"to": [10, 7, -3],
			"rotation": {"angle": 0, "axis": "y", "origin": [17, 11, 2]},
			"faces": {
				"north": {"uv": [2.28571, 2.28571, 3.04762, 4.57143], "texture": "#1"},
				"east": {"uv": [2.28571, 2.28571, 4.57143, 4.57143], "texture": "#1"},
				"south": {"uv": [3.80952, 2.28571, 4.57143, 4.57143], "texture": "#1"},
				"west": {"uv": [2.28571, 2.28571, 4.57143, 4.57143], "texture": "#1"},
				"up": {"uv": [2.28571, 2.28571, 4.57143, 3.04762], "texture": "#1"},
				"down": {"uv": [2.28571, 3.80952, 3.80952, 4.57143], "texture": "#1"}
			}
		},
		{
			"from": [9, 7, -5],
			"to": [10, 8, -1],
			"rotation": {"angle": 0, "axis": "y", "origin": [17, 14, 2]},
			"faces": {
				"north": {"uv": [3.04762, 1.52381, 3.80952, 2.28571], "texture": "#1"},
				"east": {"uv": [5.33333, 1.52381, 8.38095, 2.28571], "texture": "#1"},
				"south": {"uv": [5.33333, 1.52381, 6.09524, 2.28571], "texture": "#1"},
				"west": {"uv": [3.04762, 1.52381, 6.09524, 2.28571], "texture": "#1"},
				"up": {"uv": [2.28571, 3.04762, 3.04762, 6.09524], "texture": "#1"},
				"down": {"uv": [5.33333, 1.52381, 6.09524, 2.28571], "texture": "#1"}
			}
		},
		{
			"from": [9, 4, -3],
			"to": [10, 5, -2],
			"rotation": {"angle": 0, "axis": "y", "origin": [17, 11, 5]},
			"faces": {
				"north": {"uv": [4.57143, 3.80952, 5.33333, 4.57143], "texture": "#1"},
				"east": {"uv": [4.57143, 3.80952, 5.33333, 4.57143], "texture": "#1"},
				"south": {"uv": [4.57143, 3.80952, 5.33333, 4.57143], "texture": "#1"},
				"west": {"uv": [4.57143, 3.80952, 5.33333, 4.57143], "texture": "#1"},
				"up": {"uv": [4.57143, 3.80952, 5.33333, 4.57143], "texture": "#1"},
				"down": {"uv": [4.57143, 3.80952, 5.33333, 4.57143], "texture": "#1"}
			}
		},
		{
			"from": [9, 6, -3],
			"to": [10, 7, -2],
			"rotation": {"angle": 0, "axis": "y", "origin": [17, 13, 5]},
			"faces": {
				"north": {"uv": [4.57143, 2.28571, 5.33333, 3.04762], "texture": "#1"},
				"east": {"uv": [4.57143, 2.28571, 5.33333, 3.04762], "texture": "#1"},
				"south": {"uv": [4.57143, 2.28571, 5.33333, 3.04762], "texture": "#1"},
				"west": {"uv": [4.57143, 2.28571, 5.33333, 3.04762], "texture": "#1"},
				"up": {"uv": [4.57143, 2.28571, 5.33333, 3.04762], "texture": "#1"},
				"down": {"uv": [4.57143, 2.28571, 5.33333, 3.04762], "texture": "#1"}
			}
		},
		{
			"from": [9, 8, -3],
			"to": [10, 9, -2],
			"rotation": {"angle": 0, "axis": "y", "origin": [17, 15, 5]},
			"faces": {
				"north": {"uv": [4.57143, 0.7619, 5.33333, 1.52381], "texture": "#1"},
				"east": {"uv": [4.57143, 0.7619, 5.33333, 1.52381], "texture": "#1"},
				"south": {"uv": [4.57143, 0.7619, 5.33333, 1.52381], "texture": "#1"},
				"west": {"uv": [4.57143, 0.7619, 5.33333, 1.52381], "texture": "#1"},
				"up": {"uv": [4.57143, 0.7619, 5.33333, 1.52381], "texture": "#1"},
				"down": {"uv": [4.57143, 0.7619, 5.33333, 1.52381], "texture": "#1"}
			}
		},
		{
			"from": [9, 8, -5],
			"to": [10, 9, -4],
			"rotation": {"angle": 0, "axis": "y", "origin": [17, 15, 3]},
			"faces": {
				"north": {"uv": [3.04762, 0.7619, 3.80952, 1.52381], "texture": "#1"},
				"east": {"uv": [3.04762, 0.7619, 3.80952, 1.52381], "texture": "#1"},
				"south": {"uv": [3.04762, 0.7619, 3.80952, 1.52381], "texture": "#1"},
				"west": {"uv": [3.04762, 0.7619, 3.80952, 1.52381], "texture": "#1"},
				"up": {"uv": [3.04762, 0.7619, 3.80952, 1.52381], "texture": "#1"},
				"down": {"uv": [3.04762, 0.7619, 3.80952, 1.52381], "texture": "#1"}
			}
		},
		{
			"from": [9, 1, -6],
			"to": [10, 3, -5],
			"rotation": {"angle": 0, "axis": "y", "origin": [17, 9, 2]},
			"faces": {
				"north": {"uv": [2.28571, 5.33333, 3.04762, 6.85714], "texture": "#1"},
				"east": {"uv": [2.28571, 5.33333, 3.04762, 6.85714], "texture": "#1"},
				"south": {"uv": [2.28571, 5.33333, 3.04762, 6.85714], "texture": "#1"},
				"west": {"uv": [2.28571, 5.33333, 3.04762, 6.85714], "texture": "#1"},
				"up": {"uv": [2.28571, 5.33333, 3.04762, 6.85714], "texture": "#1"},
				"down": {"uv": [2.28571, 5.33333, 3.04762, 6.85714], "texture": "#1"}
			}
		},
		{
			"from": [9, -1, -3],
			"to": [10, 2, -2],
			"rotation": {"angle": 0, "axis": "y", "origin": [17, 8, 6]},
			"faces": {
				"north": {"uv": [4.57143, 6.09524, 5.33333, 8.38095], "texture": "#1"},
				"east": {"uv": [4.57143, 6.09524, 5.33333, 8.38095], "texture": "#1"},
				"south": {"uv": [4.57143, 6.09524, 5.33333, 8.38095], "texture": "#1"},
				"west": {"uv": [4.57143, 6.09524, 5.33333, 8.38095], "texture": "#1"},
				"up": {"uv": [4.57143, 6.09524, 5.33333, 6.85714], "texture": "#1"},
				"down": {"uv": [4.57143, 7.61905, 5.33333, 8.38095], "texture": "#1"}
			}
		},
		{
			"from": [9, 1, -1],
			"to": [10, 2, 0],
			"rotation": {"angle": 0, "axis": "y", "origin": [17, 8, 6]},
			"faces": {
				"north": {"uv": [6.09524, 6.09524, 6.85714, 6.85714], "texture": "#1"},
				"east": {"uv": [6.09524, 6.09524, 6.85714, 6.85714], "texture": "#1"},
				"south": {"uv": [6.09524, 6.09524, 6.85714, 6.85714], "texture": "#1"},
				"west": {"uv": [6.09524, 6.09524, 6.85714, 6.85714], "texture": "#1"},
				"up": {"uv": [6.09524, 6.09524, 6.85714, 6.85714], "texture": "#1"},
				"down": {"uv": [6.09524, 6.09524, 6.85714, 6.85714], "texture": "#1"}
			}
		},
		{
			"from": [9, 2, 0],
			"to": [10, 3, 1],
			"rotation": {"angle": 0, "axis": "y", "origin": [17, 9, 7]},
			"faces": {
				"north": {"uv": [6.85714, 5.33333, 7.61905, 6.09524], "texture": "#1"},
				"east": {"uv": [6.85714, 5.33333, 7.61905, 6.09524], "texture": "#1"},
				"south": {"uv": [6.85714, 5.33333, 7.61905, 6.09524], "texture": "#1"},
				"west": {"uv": [6.85714, 5.33333, 7.61905, 6.09524], "texture": "#1"},
				"up": {"uv": [6.85714, 5.33333, 7.61905, 6.09524], "texture": "#1"},
				"down": {"uv": [6.85714, 5.33333, 7.61905, 6.09524], "texture": "#1"}
			}
		}
	],
	"display": {
		"thirdperson_righthand": {
			"rotation": [65, -92.5, 0],
			"translation": [0.5, 2, 4.5],
			"scale": [1, 0.55188, 0.4132]
		},
		"thirdperson_lefthand": {
			"rotation": [65, -278, 0],
			"translation": [0.5, 2, 4.5],
			"scale": [1, 0.63, 0.48547]
		},
		"firstperson_righthand": {
			"rotation": [0, 90, 0],
			"translation": [6.75, -3.25, 0]
		},
		"firstperson_lefthand": {
			"rotation": [0, 90, 0],
			"translation": [10.25, -1, 0]
		},
		"ground": {
			"translation": [-0.75, 3.75, 0],
			"scale": [0.87, 0.87, 0.87]
		},
		"gui": {
			"rotation": [0, 90, 0],
			"scale": [1, 0.58, 0.58]
		},
		"head": {
			"rotation": [0, -90, 0],
			"translation": [-0.25, 11, 0]
		},
		"fixed": {
			"rotation": [0, 90, 0],
			"translation": [0, 3.5, 1],
			"scale": [1, 0.80273, 0.70898]
		}
	},
	"groups": [
		{
			"name": "antena izq",
			"origin": [17, 10, 6],
			"children": [0, 1, 2, 3, 4, 5, 6, 7, 8, 9, 10, 11, 12, 13, 14]
		},
		{
			"name": "antena derecha",
			"origin": [8, 8, 8],
			"children": [15, 16, 17, 18, 19, 20, 21, 22, 23, 24, 25, 26, 27]
		}
	]
}