{
	"credit": "Made with Blockbench",
	"texture_size": [64, 64],
	"textures": {
		"0": "hat_textures/ufo",
		"particle": "ufo"
	},
	"elements": [
		{
			"from": [3, 0, 0],
			"to": [13, 1, 1],
			"faces": {
				"north": {"uv": [8, 3.75, 10.5, 4], "texture": "#0"},
				"east": {"uv": [2.75, 3.75, 3, 4], "texture": "#0"},
				"south": {"uv": [8, 7, 10.5, 7.25], "texture": "#0"},
				"west": {"uv": [4, 5.25, 4.25, 5.5], "texture": "#0"},
				"up": {"uv": [10.5, 7.5, 8, 7.25], "texture": "#0"},
				"down": {"uv": [10.5, 7.5, 8, 7.75], "texture": "#0"}
			}
		},
		{
			"from": [14, 0, 13],
			"to": [15, 1, 14],
			"faces": {
				"north": {"uv": [1.25, 6.5, 1.5, 6.75], "texture": "#0"},
				"east": {"uv": [3.75, 7.25, 4, 7.5], "texture": "#0"},
				"south": {"uv": [1, 8, 1.25, 8.25], "texture": "#0"},
				"west": {"uv": [13, 10, 13.25, 10.25], "texture": "#0"},
				"up": {"uv": [10.5, 13.25, 10.25, 13], "texture": "#0"},
				"down": {"uv": [10.75, 13, 10.5, 13.25], "texture": "#0"}
			}
		},
		{
			"from": [3, 0, 15],
			"to": [13, 1, 16],
			"faces": {
				"north": {"uv": [7, 8.25, 9.5, 8.5], "texture": "#0"},
				"east": {"uv": [13, 10.5, 13.25, 10.75], "texture": "#0"},
				"south": {"uv": [8.5, 2.25, 11, 2.5], "texture": "#0"},
				"west": {"uv": [13, 10.75, 13.25, 11], "texture": "#0"},
				"up": {"uv": [11, 2.75, 8.5, 2.5], "texture": "#0"},
				"down": {"uv": [11, 2.75, 8.5, 3], "texture": "#0"}
			}
		},
		{
			"from": [11, 12, 11],
			"to": [12, 13, 13],
			"rotation": {"angle": 0, "axis": "y", "origin": [-8, 16.5, 8]},
			"faces": {
				"north": {"uv": [11.25, 13, 11.5, 13.25], "texture": "#0"},
				"east": {"uv": [3.25, 7.25, 3.75, 7.5], "texture": "#0"},
				"south": {"uv": [13, 11.25, 13.25, 11.5], "texture": "#0"},
				"west": {"uv": [7.5, 2.25, 8, 2.5], "texture": "#0"},
				"up": {"uv": [4, 7.25, 3.75, 6.75], "texture": "#0"},
				"down": {"uv": [5.5, 10, 5.25, 10.5], "texture": "#0"}
			}
		},
		{
			"from": [15, 0, 3],
			"to": [16, 1, 13],
			"faces": {
				"north": {"uv": [11.5, 13, 11.75, 13.25], "texture": "#0"},
				"east": {"uv": [8.5, 3, 11, 3.25], "texture": "#0"},
				"south": {"uv": [13, 11.5, 13.25, 11.75], "texture": "#0"},
				"west": {"uv": [8.5, 3.25, 11, 3.5], "texture": "#0"},
				"up": {"uv": [5.5, 10, 5.25, 7.5], "texture": "#0"},
				"down": {"uv": [2.25, 8.25, 2, 10.75], "texture": "#0"}
			}
		},
		{
			"from": [0, 0, 3],
			"to": [1, 1, 13],
			"faces": {
				"north": {"uv": [13, 11.75, 13.25, 12], "texture": "#0"},
				"east": {"uv": [8.5, 3.5, 11, 3.75], "texture": "#0"},
				"south": {"uv": [12, 13, 12.25, 13.25], "texture": "#0"},
				"west": {"uv": [8.5, 4, 11, 4.25], "texture": "#0"},
				"up": {"uv": [2.5, 10.75, 2.25, 8.25], "texture": "#0"},
				"down": {"uv": [2.75, 8.25, 2.5, 10.75], "texture": "#0"}
			}
		},
		{
			"from": [1, 0, 2],
			"to": [2, 1, 3],
			"faces": {
				"north": {"uv": [13, 12, 13.25, 12.25], "texture": "#0"},
				"east": {"uv": [12.25, 13, 12.5, 13.25], "texture": "#0"},
				"south": {"uv": [13, 12.25, 13.25, 12.5], "texture": "#0"},
				"west": {"uv": [12.5, 13, 12.75, 13.25], "texture": "#0"},
				"up": {"uv": [13.25, 13, 13, 12.75], "texture": "#0"},
				"down": {"uv": [13.25, 13, 13, 13.25], "texture": "#0"}
			}
		},
		{
			"from": [13, 0, 1],
			"to": [14, 1, 2],
			"faces": {
				"north": {"uv": [0, 13.25, 0.25, 13.5], "texture": "#0"},
				"east": {"uv": [13.25, 0, 13.5, 0.25], "texture": "#0"},
				"south": {"uv": [0.25, 13.25, 0.5, 13.5], "texture": "#0"},
				"west": {"uv": [13.25, 0.25, 13.5, 0.5], "texture": "#0"},
				"up": {"uv": [0.75, 13.5, 0.5, 13.25], "texture": "#0"},
				"down": {"uv": [13.5, 0.5, 13.25, 0.75], "texture": "#0"}
			}
		},
		{
			"from": [2, 0, 14],
			"to": [3, 1, 15],
			"faces": {
				"north": {"uv": [0.75, 13.25, 1, 13.5], "texture": "#0"},
				"east": {"uv": [13.25, 0.75, 13.5, 1], "texture": "#0"},
				"south": {"uv": [1, 13.25, 1.25, 13.5], "texture": "#0"},
				"west": {"uv": [13.25, 1, 13.5, 1.25], "texture": "#0"},
				"up": {"uv": [1.5, 13.5, 1.25, 13.25], "texture": "#0"},
				"down": {"uv": [13.5, 1.25, 13.25, 1.5], "texture": "#0"}
			}
		},
		{
			"from": [13, 0, 14],
			"to": [14, 1, 15],
			"faces": {
				"north": {"uv": [1.5, 13.25, 1.75, 13.5], "texture": "#0"},
				"east": {"uv": [1.75, 13.25, 2, 13.5], "texture": "#0"},
				"south": {"uv": [2, 13.25, 2.25, 13.5], "texture": "#0"},
				"west": {"uv": [2.25, 13.25, 2.5, 13.5], "texture": "#0"},
				"up": {"uv": [2.75, 13.5, 2.5, 13.25], "texture": "#0"},
				"down": {"uv": [3, 13.25, 2.75, 13.5], "texture": "#0"}
			}
		},
		{
			"from": [2, 0, 1],
			"to": [3, 1, 2],
			"faces": {
				"north": {"uv": [3, 13.25, 3.25, 13.5], "texture": "#0"},
				"east": {"uv": [3.25, 13.25, 3.5, 13.5], "texture": "#0"},
				"south": {"uv": [3.5, 13.25, 3.75, 13.5], "texture": "#0"},
				"west": {"uv": [3.75, 13.25, 4, 13.5], "texture": "#0"},
				"up": {"uv": [4.25, 13.5, 4, 13.25], "texture": "#0"},
				"down": {"uv": [13.5, 4, 13.25, 4.25], "texture": "#0"}
			}
		},
		{
			"from": [1, 0, 13],
			"to": [2, 1, 14],
			"faces": {
				"north": {"uv": [4.25, 13.25, 4.5, 13.5], "texture": "#0"},
				"east": {"uv": [4.5, 13.25, 4.75, 13.5], "texture": "#0"},
				"south": {"uv": [4.75, 13.25, 5, 13.5], "texture": "#0"},
				"west": {"uv": [5, 13.25, 5.25, 13.5], "texture": "#0"},
				"up": {"uv": [5.5, 13.5, 5.25, 13.25], "texture": "#0"},
				"down": {"uv": [5.75, 13.25, 5.5, 13.5], "texture": "#0"}
			}
		},
		{
			"from": [2, 4, 4],
			"to": [3, 5, 12],
			"faces": {
				"north": {"uv": [5.75, 13.25, 6, 13.5], "texture": "#0"},
				"east": {"uv": [8.5, 4.25, 10.5, 4.5], "texture": "#0"},
				"south": {"uv": [6, 13.25, 6.25, 13.5], "texture": "#0"},
				"west": {"uv": [8.5, 5.5, 10.5, 5.75], "texture": "#0"},
				"up": {"uv": [3, 10.25, 2.75, 8.25], "texture": "#0"},
				"down": {"uv": [3.25, 8.25, 3, 10.25], "texture": "#0"}
			}
		},
		{
			"from": [11, 8, 5],
			"to": [12, 9, 11],
			"faces": {
				"north": {"uv": [6.25, 13.25, 6.5, 13.5], "texture": "#0"},
				"east": {"uv": [9.5, 8.25, 11, 8.5], "texture": "#0"},
				"south": {"uv": [6.5, 13.25, 6.75, 13.5], "texture": "#0"},
				"west": {"uv": [9.5, 9.25, 11, 9.5], "texture": "#0"},
				"up": {"uv": [5.75, 11, 5.5, 9.5], "texture": "#0"},
				"down": {"uv": [6, 9.5, 5.75, 11], "texture": "#0"}
			}
		},
		{
			"from": [13, 4, 4],
			"to": [14, 5, 12],
			"faces": {
				"north": {"uv": [6.75, 13.25, 7, 13.5], "texture": "#0"},
				"east": {"uv": [8.5, 5.75, 10.5, 6], "texture": "#0"},
				"south": {"uv": [7, 13.25, 7.25, 13.5], "texture": "#0"},
				"west": {"uv": [8.5, 6, 10.5, 6.25], "texture": "#0"},
				"up": {"uv": [0.25, 10.5, 0, 8.5], "texture": "#0"},
				"down": {"uv": [0.5, 8.5, 0.25, 10.5], "texture": "#0"}
			}
		},
		{
			"from": [14, 0, 2],
			"to": [15, 1, 3],
			"faces": {
				"north": {"uv": [7.25, 13.25, 7.5, 13.5], "texture": "#0"},
				"east": {"uv": [7.5, 13.25, 7.75, 13.5], "texture": "#0"},
				"south": {"uv": [7.75, 13.25, 8, 13.5], "texture": "#0"},
				"west": {"uv": [8, 13.25, 8.25, 13.5], "texture": "#0"},
				"up": {"uv": [8.5, 13.5, 8.25, 13.25], "texture": "#0"},
				"down": {"uv": [13.5, 8.25, 13.25, 8.5], "texture": "#0"}
			}
		},
		{
			"from": [3, 4, 12],
			"to": [4, 5, 13],
			"faces": {
				"north": {"uv": [8.5, 13.25, 8.75, 13.5], "texture": "#0"},
				"east": {"uv": [8.75, 13.25, 9, 13.5], "texture": "#0"},
				"south": {"uv": [9, 13.25, 9.25, 13.5], "texture": "#0"},
				"west": {"uv": [13.25, 9, 13.5, 9.25], "texture": "#0"},
				"up": {"uv": [9.5, 13.5, 9.25, 13.25], "texture": "#0"},
				"down": {"uv": [13.5, 9.25, 13.25, 9.5], "texture": "#0"}
			}
		},
		{
			"from": [4, 8, 5],
			"to": [5, 9, 11],
			"faces": {
				"north": {"uv": [9.5, 13.25, 9.75, 13.5], "texture": "#0"},
				"east": {"uv": [9.5, 9.5, 11, 9.75], "texture": "#0"},
				"south": {"uv": [13.25, 9.5, 13.5, 9.75], "texture": "#0"},
				"west": {"uv": [9.75, 0.5, 11.25, 0.75], "texture": "#0"},
				"up": {"uv": [6.25, 11, 6, 9.5], "texture": "#0"},
				"down": {"uv": [6.5, 9.5, 6.25, 11], "texture": "#0"}
			}
		},
		{
			"from": [4, 4, 13],
			"to": [12, 5, 14],
			"faces": {
				"north": {"uv": [8.5, 6.25, 10.5, 6.5], "texture": "#0"},
				"east": {"uv": [9.75, 13.25, 10, 13.5], "texture": "#0"},
				"south": {"uv": [8.5, 6.5, 10.5, 6.75], "texture": "#0"},
				"west": {"uv": [10, 13.25, 10.25, 13.5], "texture": "#0"},
				"up": {"uv": [10.5, 7, 8.5, 6.75], "texture": "#0"},
				"down": {"uv": [9, 8.5, 7, 8.75], "texture": "#0"}
			}
		},
		{
			"from": [3, 4, 3],
			"to": [4, 5, 4],
			"faces": {
				"north": {"uv": [13.25, 10, 13.5, 10.25], "texture": "#0"},
				"east": {"uv": [10.25, 13.25, 10.5, 13.5], "texture": "#0"},
				"south": {"uv": [13.25, 10.25, 13.5, 10.5], "texture": "#0"},
				"west": {"uv": [10.5, 13.25, 10.75, 13.5], "texture": "#0"},
				"up": {"uv": [13.5, 10.75, 13.25, 10.5], "texture": "#0"},
				"down": {"uv": [11, 13.25, 10.75, 13.5], "texture": "#0"}
			}
		},
		{
			"from": [4, 4, 2],
			"to": [12, 5, 3],
			"faces": {
				"north": {"uv": [8.5, 7.75, 10.5, 8], "texture": "#0"},
				"east": {"uv": [13.25, 10.75, 13.5, 11], "texture": "#0"},
				"south": {"uv": [8.5, 8, 10.5, 8.25], "texture": "#0"},
				"west": {"uv": [11, 13.25, 11.25, 13.5], "texture": "#0"},
				"up": {"uv": [9, 9, 7, 8.75], "texture": "#0"},
				"down": {"uv": [11, 1.5, 9, 1.75], "texture": "#0"}
			}
		},
		{
			"from": [5, 15, 1],
			"to": [11, 16, 5],
			"faces": {
				"north": {"uv": [9.75, 0.75, 11.25, 1], "texture": "#0"},
				"east": {"uv": [1, 9.75, 2, 10], "texture": "#0"},
				"south": {"uv": [9.75, 1, 11.25, 1.25], "texture": "#0"},
				"west": {"uv": [1, 10, 2, 10.25], "texture": "#0"},
				"up": {"uv": [6, 2.5, 4.5, 1.5], "texture": "#0"},
				"down": {"uv": [7, 2.5, 5.5, 3.5], "texture": "#0"}
			}
		},
		{
			"from": [12, 4, 3],
			"to": [13, 5, 4],
			"faces": {
				"north": {"uv": [13.25, 11, 13.5, 11.25], "texture": "#0"},
				"east": {"uv": [11.25, 13.25, 11.5, 13.5], "texture": "#0"},
				"south": {"uv": [13.25, 11.25, 13.5, 11.5], "texture": "#0"},
				"west": {"uv": [11.5, 13.25, 11.75, 13.5], "texture": "#0"},
				"up": {"uv": [13.5, 11.75, 13.25, 11.5], "texture": "#0"},
				"down": {"uv": [12, 13.25, 11.75, 13.5], "texture": "#0"}
			}
		},
		{
			"from": [4, 8, 11],
			"to": [12, 9, 12],
			"faces": {
				"north": {"uv": [9, 1.75, 11, 2], "texture": "#0"},
				"east": {"uv": [13.25, 11.75, 13.5, 12], "texture": "#0"},
				"south": {"uv": [9, 2, 11, 2.25], "texture": "#0"},
				"west": {"uv": [12, 13.25, 12.25, 13.5], "texture": "#0"},
				"up": {"uv": [9, 9.25, 7, 9], "texture": "#0"},
				"down": {"uv": [11, 8.5, 9, 8.75], "texture": "#0"}
			}
		},
		{
			"from": [12, 4, 12],
			"to": [13, 5, 13],
			"faces": {
				"north": {"uv": [13.25, 12, 13.5, 12.25], "texture": "#0"},
				"east": {"uv": [12.25, 13.25, 12.5, 13.5], "texture": "#0"},
				"south": {"uv": [13.25, 12.25, 13.5, 12.5], "texture": "#0"},
				"west": {"uv": [12.5, 13.25, 12.75, 13.5], "texture": "#0"},
				"up": {"uv": [13.5, 12.75, 13.25, 12.5], "texture": "#0"},
				"down": {"uv": [13, 13.25, 12.75, 13.5], "texture": "#0"}
			}
		},
		{
			"from": [4, 8, 4],
			"to": [12, 9, 5],
			"faces": {
				"north": {"uv": [9, 8.75, 11, 9], "texture": "#0"},
				"east": {"uv": [13.25, 12.75, 13.5, 13], "texture": "#0"},
				"south": {"uv": [9, 9, 11, 9.25], "texture": "#0"},
				"west": {"uv": [13, 13.25, 13.25, 13.5], "texture": "#0"},
				"up": {"uv": [11.25, 0.25, 9.25, 0], "texture": "#0"},
				"down": {"uv": [11.25, 0.25, 9.25, 0.5], "texture": "#0"}
			}
		},
		{
			"from": [5, 15, 11],
			"to": [11, 16, 15],
			"faces": {
				"north": {"uv": [9.75, 1.25, 11.25, 1.5], "texture": "#0"},
				"east": {"uv": [1, 10.25, 2, 10.5], "texture": "#0"},
				"south": {"uv": [9.5, 9.75, 11, 10], "texture": "#0"},
				"west": {"uv": [4.5, 10.75, 5.5, 11], "texture": "#0"},
				"up": {"uv": [7, 4.5, 5.5, 3.5], "texture": "#0"},
				"down": {"uv": [5.5, 5.5, 4, 6.5], "texture": "#0"}
			}
		},
		{
			"from": [1, 13, 11],
			"to": [3, 14, 13],
			"rotation": {"angle": 0, "axis": "y", "origin": [-8, 16.5, 8]},
			"faces": {
				"north": {"uv": [2.75, 10.25, 3.25, 10.5], "texture": "#0"},
				"east": {"uv": [1.5, 10.5, 2, 10.75], "texture": "#0"},
				"south": {"uv": [12, 8, 12.5, 8.25], "texture": "#0"},
				"west": {"uv": [9, 12, 9.5, 12.25], "texture": "#0"},
				"up": {"uv": [7, 6, 6.5, 5.5], "texture": "#0"},
				"down": {"uv": [3.75, 6.75, 3.25, 7.25], "texture": "#0"}
			}
		},
		{
			"from": [1, 15, 5],
			"to": [5, 16, 11],
			"faces": {
				"north": {"uv": [11, 10.5, 12, 10.75], "texture": "#0"},
				"east": {"uv": [10, 4.5, 11.5, 4.75], "texture": "#0"},
				"south": {"uv": [10.75, 11, 11.75, 11.25], "texture": "#0"},
				"west": {"uv": [10, 4.75, 11.5, 5], "texture": "#0"},
				"up": {"uv": [6.5, 6, 5.5, 4.5], "texture": "#0"},
				"down": {"uv": [6.75, 0, 5.75, 1.5], "texture": "#0"}
			}
		},
		{
			"from": [5, 14, 0],
			"to": [11, 15, 5],
			"faces": {
				"north": {"uv": [10, 5, 11.5, 5.25], "texture": "#0"},
				"east": {"uv": [4.25, 10.5, 5.5, 10.75], "texture": "#0"},
				"south": {"uv": [10, 5.25, 11.5, 5.5], "texture": "#0"},
				"west": {"uv": [11, 4, 12.25, 4.25], "texture": "#0"},
				"up": {"uv": [3, 1.25, 1.5, 0], "texture": "#0"},
				"down": {"uv": [3, 1.25, 1.5, 2.5], "texture": "#0"}
			}
		},
		{
			"from": [5, 16, 3],
			"to": [11, 17, 5],
			"faces": {
				"north": {"uv": [9.5, 10, 11, 10.25], "texture": "#0"},
				"east": {"uv": [9.5, 12, 10, 12.25], "texture": "#0"},
				"south": {"uv": [6.5, 10.25, 8, 10.5], "texture": "#0"},
				"west": {"uv": [10, 12, 10.5, 12.25], "texture": "#0"},
				"up": {"uv": [8.5, 4.5, 7, 4], "texture": "#0"},
				"down": {"uv": [4.75, 7.5, 3.25, 8], "texture": "#0"}
			}
		},
		{
			"from": [5, 14, 11],
			"to": [11, 15, 16],
			"faces": {
				"north": {"uv": [8, 10.25, 9.5, 10.5], "texture": "#0"},
				"east": {"uv": [4.5, 11, 5.75, 11.25], "texture": "#0"},
				"south": {"uv": [9.5, 10.25, 11, 10.5], "texture": "#0"},
				"west": {"uv": [5.75, 11, 7, 11.25], "texture": "#0"},
				"up": {"uv": [3, 3.75, 1.5, 2.5], "texture": "#0"},
				"down": {"uv": [1.5, 3, 0, 4.25], "texture": "#0"}
			}
		},
		{
			"from": [3, 13, 1],
			"to": [5, 14, 5],
			"rotation": {"angle": 0, "axis": "y", "origin": [-8, 16.5, 8]},
			"faces": {
				"north": {"uv": [10.5, 12, 11, 12.25], "texture": "#0"},
				"east": {"uv": [11, 10.75, 12, 11], "texture": "#0"},
				"south": {"uv": [12, 10.5, 12.5, 10.75], "texture": "#0"},
				"west": {"uv": [0, 11.25, 1, 11.5], "texture": "#0"},
				"up": {"uv": [1, 9.5, 0.5, 8.5], "texture": "#0"},
				"down": {"uv": [6, 8.5, 5.5, 9.5], "texture": "#0"}
			}
		},
		{
			"from": [13, 13, 13],
			"to": [14, 14, 14],
			"rotation": {"angle": 0, "axis": "y", "origin": [-8, 16.5, 8]},
			"faces": {
				"north": {"uv": [13.25, 13, 13.5, 13.25], "texture": "#0"},
				"east": {"uv": [13.25, 13.25, 13.5, 13.5], "texture": "#0"},
				"south": {"uv": [0, 13.5, 0.25, 13.75], "texture": "#0"},
				"west": {"uv": [13.5, 0, 13.75, 0.25], "texture": "#0"},
				"up": {"uv": [0.5, 13.75, 0.25, 13.5], "texture": "#0"},
				"down": {"uv": [13.75, 0.25, 13.5, 0.5], "texture": "#0"}
			}
		},
		{
			"from": [11, 13, 1],
			"to": [13, 14, 5],
			"rotation": {"angle": 0, "axis": "y", "origin": [-8, 16.5, 8]},
			"faces": {
				"north": {"uv": [12, 10.75, 12.5, 11], "texture": "#0"},
				"east": {"uv": [11.25, 0, 12.25, 0.25], "texture": "#0"},
				"south": {"uv": [11.5, 12, 12, 12.25], "texture": "#0"},
				"west": {"uv": [11.25, 0.25, 12.25, 0.5], "texture": "#0"},
				"up": {"uv": [6.5, 9.5, 6, 8.5], "texture": "#0"},
				"down": {"uv": [5.25, 9, 4.75, 10], "texture": "#0"}
			}
		},
		{
			"from": [2, 13, 13],
			"to": [3, 14, 14],
			"rotation": {"angle": 0, "axis": "y", "origin": [-8, 16.5, 8]},
			"faces": {
				"north": {"uv": [0.5, 13.5, 0.75, 13.75], "texture": "#0"},
				"east": {"uv": [13.5, 0.5, 13.75, 0.75], "texture": "#0"},
				"south": {"uv": [0.75, 13.5, 1, 13.75], "texture": "#0"},
				"west": {"uv": [13.5, 0.75, 13.75, 1], "texture": "#0"},
				"up": {"uv": [1.25, 13.75, 1, 13.5], "texture": "#0"},
				"down": {"uv": [13.75, 1, 13.5, 1.25], "texture": "#0"}
			}
		},
		{
			"from": [13, 13, 2],
			"to": [14, 14, 3],
			"rotation": {"angle": 0, "axis": "y", "origin": [-8, 16.5, 8]},
			"faces": {
				"north": {"uv": [1.25, 13.5, 1.5, 13.75], "texture": "#0"},
				"east": {"uv": [13.5, 1.25, 13.75, 1.5], "texture": "#0"},
				"south": {"uv": [1.5, 13.5, 1.75, 13.75], "texture": "#0"},
				"west": {"uv": [13.5, 1.5, 13.75, 1.75], "texture": "#0"},
				"up": {"uv": [2, 13.75, 1.75, 13.5], "texture": "#0"},
				"down": {"uv": [13.75, 1.75, 13.5, 2], "texture": "#0"}
			}
		},
		{
			"from": [5, 13, 0],
			"to": [11, 14, 5],
			"rotation": {"angle": 0, "axis": "y", "origin": [-8, 16.5, 8]},
			"faces": {
				"north": {"uv": [0, 10.5, 1.5, 10.75], "texture": "#0"},
				"east": {"uv": [7, 11, 8.25, 11.25], "texture": "#0"},
				"south": {"uv": [2.75, 10.5, 4.25, 10.75], "texture": "#0"},
				"west": {"uv": [8.25, 11, 9.5, 11.25], "texture": "#0"},
				"up": {"uv": [4.5, 1.25, 3, 0], "texture": "#0"},
				"down": {"uv": [4.5, 1.25, 3, 2.5], "texture": "#0"}
			}
		},
		{
			"from": [3, 13, 11],
			"to": [5, 14, 15],
			"rotation": {"angle": 0, "axis": "y", "origin": [-8, 16.5, 8]},
			"faces": {
				"north": {"uv": [12, 11.5, 12.5, 11.75], "texture": "#0"},
				"east": {"uv": [11.25, 0.5, 12.25, 0.75], "texture": "#0"},
				"south": {"uv": [12, 11.75, 12.5, 12], "texture": "#0"},
				"west": {"uv": [11.25, 0.75, 12.25, 1], "texture": "#0"},
				"up": {"uv": [9.75, 1.5, 9.25, 0.5], "texture": "#0"},
				"down": {"uv": [7, 9.25, 6.5, 10.25], "texture": "#0"}
			}
		},
		{
			"from": [5, 13, 10],
			"to": [6, 14, 11],
			"rotation": {"angle": 0, "axis": "y", "origin": [-8, 16.5, 8]},
			"faces": {
				"north": {"uv": [2, 13.5, 2.25, 13.75], "texture": "#0"},
				"east": {"uv": [13.5, 2, 13.75, 2.25], "texture": "#0"},
				"south": {"uv": [2.25, 13.5, 2.5, 13.75], "texture": "#0"},
				"west": {"uv": [13.5, 2.25, 13.75, 2.5], "texture": "#0"},
				"up": {"uv": [2.75, 13.75, 2.5, 13.5], "texture": "#0"},
				"down": {"uv": [13.75, 2.5, 13.5, 2.75], "texture": "#0"}
			}
		},
		{
			"from": [2, 13, 2],
			"to": [3, 14, 3],
			"rotation": {"angle": 0, "axis": "y", "origin": [-8, 16.5, 8]},
			"faces": {
				"north": {"uv": [2.75, 13.5, 3, 13.75], "texture": "#0"},
				"east": {"uv": [13.5, 2.75, 13.75, 3], "texture": "#0"},
				"south": {"uv": [3, 13.5, 3.25, 13.75], "texture": "#0"},
				"west": {"uv": [13.5, 3, 13.75, 3.25], "texture": "#0"},
				"up": {"uv": [3.5, 13.75, 3.25, 13.5], "texture": "#0"},
				"down": {"uv": [13.75, 3.25, 13.5, 3.5], "texture": "#0"}
			}
		},
		{
			"from": [4, 12, 3],
			"to": [5, 13, 5],
			"rotation": {"angle": 0, "axis": "y", "origin": [-8, 16.5, 8]},
			"faces": {
				"north": {"uv": [3.5, 13.5, 3.75, 13.75], "texture": "#0"},
				"east": {"uv": [12, 12, 12.5, 12.25], "texture": "#0"},
				"south": {"uv": [13.5, 3.5, 13.75, 3.75], "texture": "#0"},
				"west": {"uv": [0, 12.25, 0.5, 12.5], "texture": "#0"},
				"up": {"uv": [12.5, 0.5, 12.25, 0], "texture": "#0"},
				"down": {"uv": [0.75, 12.25, 0.5, 12.75], "texture": "#0"}
			}
		},
		{
			"from": [11, 13, 11],
			"to": [13, 14, 15],
			"rotation": {"angle": 0, "axis": "y", "origin": [-8, 16.5, 8]},
			"faces": {
				"north": {"uv": [12.25, 0.5, 12.75, 0.75], "texture": "#0"},
				"east": {"uv": [1, 11.25, 2, 11.5], "texture": "#0"},
				"south": {"uv": [0.75, 12.25, 1.25, 12.5], "texture": "#0"},
				"west": {"uv": [11.25, 1, 12.25, 1.25], "texture": "#0"},
				"up": {"uv": [7.5, 10.25, 7, 9.25], "texture": "#0"},
				"down": {"uv": [8, 9.25, 7.5, 10.25], "texture": "#0"}
			}
		},
		{
			"from": [3, 12, 2],
			"to": [5, 13, 3],
			"rotation": {"angle": 0, "axis": "y", "origin": [-8, 16.5, 8]},
			"faces": {
				"north": {"uv": [12.25, 0.75, 12.75, 1], "texture": "#0"},
				"east": {"uv": [3.75, 13.5, 4, 13.75], "texture": "#0"},
				"south": {"uv": [12.25, 1, 12.75, 1.25], "texture": "#0"},
				"west": {"uv": [13.5, 3.75, 13.75, 4], "texture": "#0"},
				"up": {"uv": [1.75, 12.5, 1.25, 12.25], "texture": "#0"},
				"down": {"uv": [12.75, 1.25, 12.25, 1.5], "texture": "#0"}
			}
		},
		{
			"from": [10, 13, 10],
			"to": [11, 14, 11],
			"rotation": {"angle": 0, "axis": "y", "origin": [-8, 16.5, 8]},
			"faces": {
				"north": {"uv": [4, 13.5, 4.25, 13.75], "texture": "#0"},
				"east": {"uv": [13.5, 4, 13.75, 4.25], "texture": "#0"},
				"south": {"uv": [4.25, 13.5, 4.5, 13.75], "texture": "#0"},
				"west": {"uv": [13.5, 4.25, 13.75, 4.5], "texture": "#0"},
				"up": {"uv": [4.75, 13.75, 4.5, 13.5], "texture": "#0"},
				"down": {"uv": [13.75, 4.5, 13.5, 4.75], "texture": "#0"}
			}
		},
		{
			"from": [5, 12, 11],
			"to": [11, 13, 15],
			"rotation": {"angle": 0, "axis": "y", "origin": [-8, 16.5, 8]},
			"faces": {
				"north": {"uv": [10.5, 3.75, 12, 4], "texture": "#0"},
				"east": {"uv": [11.25, 1.25, 12.25, 1.5], "texture": "#0"},
				"south": {"uv": [10.5, 4.25, 12, 4.5], "texture": "#0"},
				"west": {"uv": [2, 11.25, 3, 11.5], "texture": "#0"},
				"up": {"uv": [7.5, 2.5, 6, 1.5], "texture": "#0"},
				"down": {"uv": [7, 6, 5.5, 7], "texture": "#0"}
			}
		},
		{
			"from": [10, 13, 5],
			"to": [11, 14, 6],
			"rotation": {"angle": 0, "axis": "y", "origin": [-8, 16.5, 8]},
			"faces": {
				"north": {"uv": [4.75, 13.5, 5, 13.75], "texture": "#0"},
				"east": {"uv": [13.5, 4.75, 13.75, 5], "texture": "#0"},
				"south": {"uv": [5, 13.5, 5.25, 13.75], "texture": "#0"},
				"west": {"uv": [13.5, 5, 13.75, 5.25], "texture": "#0"},
				"up": {"uv": [5.5, 13.75, 5.25, 13.5], "texture": "#0"},
				"down": {"uv": [13.75, 5.25, 13.5, 5.5], "texture": "#0"}
			}
		},
		{
			"from": [5, 14, 5],
			"to": [11, 17, 11],
			"rotation": {"angle": 0, "axis": "y", "origin": [-8, 16.5, 8]},
			"faces": {
				"north": {"uv": [7, 5.5, 8.5, 6.25], "texture": "#0"},
				"east": {"uv": [7, 6.25, 8.5, 7], "texture": "#0"},
				"south": {"uv": [6.5, 7, 8, 7.75], "texture": "#0"},
				"west": {"uv": [7.5, 1.5, 9, 2.25], "texture": "#0"},
				"up": {"uv": [1.5, 1.5, 0, 0], "texture": "#0"},
				"down": {"uv": [1.5, 1.5, 0, 3], "texture": "#0"}
			}
		},
		{
			"from": [5, 13, 5],
			"to": [6, 14, 6],
			"rotation": {"angle": 0, "axis": "y", "origin": [-8, 16.5, 8]},
			"faces": {
				"north": {"uv": [5.5, 13.5, 5.75, 13.75], "texture": "#0"},
				"east": {"uv": [13.5, 5.5, 13.75, 5.75], "texture": "#0"},
				"south": {"uv": [5.75, 13.5, 6, 13.75], "texture": "#0"},
				"west": {"uv": [13.5, 5.75, 13.75, 6], "texture": "#0"},
				"up": {"uv": [6.25, 13.75, 6, 13.5], "texture": "#0"},
				"down": {"uv": [13.75, 6, 13.5, 6.25], "texture": "#0"}
			}
		},
		{
			"from": [4, 12, 11],
			"to": [5, 13, 13],
			"rotation": {"angle": 0, "axis": "y", "origin": [-8, 16.5, 8]},
			"faces": {
				"north": {"uv": [6.25, 13.5, 6.5, 13.75], "texture": "#0"},
				"east": {"uv": [1.75, 12.25, 2.25, 12.5], "texture": "#0"},
				"south": {"uv": [13.5, 6.25, 13.75, 6.5], "texture": "#0"},
				"west": {"uv": [2.25, 12.25, 2.75, 12.5], "texture": "#0"},
				"up": {"uv": [3, 12.75, 2.75, 12.25], "texture": "#0"},
				"down": {"uv": [4.25, 12.25, 4, 12.75], "texture": "#0"}
			}
		},
		{
			"from": [5, 12, 1],
			"to": [11, 13, 5],
			"rotation": {"angle": 0, "axis": "y", "origin": [-8, 16.5, 8]},
			"faces": {
				"north": {"uv": [10.5, 5.5, 12, 5.75], "texture": "#0"},
				"east": {"uv": [3, 11.25, 4, 11.5], "texture": "#0"},
				"south": {"uv": [10.5, 5.75, 12, 6], "texture": "#0"},
				"west": {"uv": [4, 11.25, 5, 11.5], "texture": "#0"},
				"up": {"uv": [5.5, 7.5, 4, 6.5], "texture": "#0"},
				"down": {"uv": [8, 4.5, 6.5, 5.5], "texture": "#0"}
			}
		},
		{
			"from": [9, 19, 7],
			"to": [10, 20, 9],
			"rotation": {"angle": 0, "axis": "y", "origin": [10, 0, -8]},
			"faces": {
				"north": {"uv": [6.5, 13.5, 6.75, 13.75], "texture": "#0"},
				"east": {"uv": [12.25, 4, 12.75, 4.25], "texture": "#0"},
				"south": {"uv": [13.5, 6.5, 13.75, 6.75], "texture": "#0"},
				"west": {"uv": [12.25, 8.25, 12.75, 8.5], "texture": "#0"},
				"up": {"uv": [4.5, 12.75, 4.25, 12.25], "texture": "#0"},
				"down": {"uv": [12.5, 8.5, 12.25, 9], "texture": "#0"}
			}
		},
		{
			"from": [5, 11, 11],
			"to": [11, 12, 13],
			"rotation": {"angle": 0, "axis": "y", "origin": [-8, 16.5, 8]},
			"faces": {
				"north": {"uv": [10.5, 6, 12, 6.25], "texture": "#0"},
				"east": {"uv": [9, 12.25, 9.5, 12.5], "texture": "#0"},
				"south": {"uv": [10.5, 6.25, 12, 6.5], "texture": "#0"},
				"west": {"uv": [12.25, 9, 12.75, 9.25], "texture": "#0"},
				"up": {"uv": [9.25, 0.5, 7.75, 0], "texture": "#0"},
				"down": {"uv": [9.25, 0.5, 7.75, 1], "texture": "#0"}
			}
		},
		{
			"from": [11, 12, 2],
			"to": [13, 13, 3],
			"rotation": {"angle": 0, "axis": "y", "origin": [-8, 16.5, 8]},
			"faces": {
				"north": {"uv": [12.25, 9.25, 12.75, 9.5], "texture": "#0"},
				"east": {"uv": [6.75, 13.5, 7, 13.75], "texture": "#0"},
				"south": {"uv": [9.5, 12.25, 10, 12.5], "texture": "#0"},
				"west": {"uv": [13.5, 6.75, 13.75, 7], "texture": "#0"},
				"up": {"uv": [12.75, 9.75, 12.25, 9.5], "texture": "#0"},
				"down": {"uv": [12.75, 9.75, 12.25, 10], "texture": "#0"}
			}
		},
		{
			"from": [0, 13, 5],
			"to": [5, 14, 11],
			"rotation": {"angle": 0, "axis": "y", "origin": [-8, 16.5, 8]},
			"faces": {
				"north": {"uv": [11, 8.25, 12.25, 8.5], "texture": "#0"},
				"east": {"uv": [6.5, 10.5, 8, 10.75], "texture": "#0"},
				"south": {"uv": [11, 8.5, 12.25, 8.75], "texture": "#0"},
				"west": {"uv": [10.5, 6.5, 12, 6.75], "texture": "#0"},
				"up": {"uv": [4.25, 4, 3, 2.5], "texture": "#0"},
				"down": {"uv": [2.75, 3.75, 1.5, 5.25], "texture": "#0"}
			}
		},
		{
			"from": [5, 13, 11],
			"to": [11, 14, 16],
			"rotation": {"angle": 0, "axis": "y", "origin": [-8, 16.5, 8]},
			"faces": {
				"north": {"uv": [10.5, 6.75, 12, 7], "texture": "#0"},
				"east": {"uv": [11, 8.75, 12.25, 9], "texture": "#0"},
				"south": {"uv": [10.5, 7, 12, 7.25], "texture": "#0"},
				"west": {"uv": [11, 9, 12.25, 9.25], "texture": "#0"},
				"up": {"uv": [4.25, 5.25, 2.75, 4], "texture": "#0"},
				"down": {"uv": [1.5, 4.25, 0, 5.5], "texture": "#0"}
			}
		},
		{
			"from": [3, 11, 5],
			"to": [5, 12, 11],
			"rotation": {"angle": 0, "axis": "y", "origin": [-8, 16.5, 8]},
			"faces": {
				"north": {"uv": [10, 12.25, 10.5, 12.5], "texture": "#0"},
				"east": {"uv": [10.5, 7.25, 12, 7.5], "texture": "#0"},
				"south": {"uv": [12.25, 10, 12.75, 10.25], "texture": "#0"},
				"west": {"uv": [10.5, 7.5, 12, 7.75], "texture": "#0"},
				"up": {"uv": [5.25, 9, 4.75, 7.5], "texture": "#0"},
				"down": {"uv": [7, 7.75, 6.5, 9.25], "texture": "#0"}
			}
		},
		{
			"from": [13, 13, 3],
			"to": [15, 14, 5],
			"rotation": {"angle": 0, "axis": "y", "origin": [-8, 16.5, 8]},
			"faces": {
				"north": {"uv": [12.25, 10.25, 12.75, 10.5], "texture": "#0"},
				"east": {"uv": [10.5, 12.25, 11, 12.5], "texture": "#0"},
				"south": {"uv": [11, 12.25, 11.5, 12.5], "texture": "#0"},
				"west": {"uv": [11.5, 12.25, 12, 12.5], "texture": "#0"},
				"up": {"uv": [5.25, 10.5, 4.75, 10], "texture": "#0"},
				"down": {"uv": [5.5, 11.25, 5, 11.75], "texture": "#0"}
			}
		},
		{
			"from": [1, 12, 5],
			"to": [5, 13, 11],
			"rotation": {"angle": 0, "axis": "y", "origin": [-8, 16.5, 8]},
			"faces": {
				"north": {"uv": [5.5, 11.25, 6.5, 11.5], "texture": "#0"},
				"east": {"uv": [10.5, 7.75, 12, 8], "texture": "#0"},
				"south": {"uv": [6.5, 11.25, 7.5, 11.5], "texture": "#0"},
				"west": {"uv": [8, 10.5, 9.5, 10.75], "texture": "#0"},
				"up": {"uv": [7.75, 1.5, 6.75, 0], "texture": "#0"},
				"down": {"uv": [2.25, 6.75, 1.25, 8.25], "texture": "#0"}
			}
		},
		{
			"from": [5, 11, 3],
			"to": [11, 12, 5],
			"rotation": {"angle": 0, "axis": "y", "origin": [-8, 16.5, 8]},
			"faces": {
				"north": {"uv": [10.5, 8, 12, 8.25], "texture": "#0"},
				"east": {"uv": [12, 12.25, 12.5, 12.5], "texture": "#0"},
				"south": {"uv": [9.5, 10.5, 11, 10.75], "texture": "#0"},
				"west": {"uv": [0, 12.5, 0.5, 12.75], "texture": "#0"},
				"up": {"uv": [9.25, 1.5, 7.75, 1], "texture": "#0"},
				"down": {"uv": [8.5, 7.75, 7, 8.25], "texture": "#0"}
			}
		},
		{
			"from": [1, 13, 3],
			"to": [3, 14, 5],
			"rotation": {"angle": 0, "axis": "y", "origin": [-8, 16.5, 8]},
			"faces": {
				"north": {"uv": [12.5, 0, 13, 0.25], "texture": "#0"},
				"east": {"uv": [12.5, 0.25, 13, 0.5], "texture": "#0"},
				"south": {"uv": [0.75, 12.5, 1.25, 12.75], "texture": "#0"},
				"west": {"uv": [1.25, 12.5, 1.75, 12.75], "texture": "#0"},
				"up": {"uv": [8, 11.75, 7.5, 11.25], "texture": "#0"},
				"down": {"uv": [8.5, 11.25, 8, 11.75], "texture": "#0"}
			}
		},
		{
			"from": [11, 12, 5],
			"to": [15, 13, 11],
			"rotation": {"angle": 0, "axis": "y", "origin": [-8, 16.5, 8]},
			"faces": {
				"north": {"uv": [8.5, 11.25, 9.5, 11.5], "texture": "#0"},
				"east": {"uv": [0, 10.75, 1.5, 11], "texture": "#0"},
				"south": {"uv": [9.5, 11.25, 10.5, 11.5], "texture": "#0"},
				"west": {"uv": [1.5, 10.75, 3, 11], "texture": "#0"},
				"up": {"uv": [3.25, 8.25, 2.25, 6.75], "texture": "#0"},
				"down": {"uv": [1, 7, 0, 8.5], "texture": "#0"}
			}
		},
		{
			"from": [11, 13, 5],
			"to": [16, 14, 11],
			"rotation": {"angle": 0, "axis": "y", "origin": [-8, 16.5, 8]},
			"faces": {
				"north": {"uv": [11, 9.25, 12.25, 9.5], "texture": "#0"},
				"east": {"uv": [3, 10.75, 4.5, 11], "texture": "#0"},
				"south": {"uv": [9.5, 11, 10.75, 11.25], "texture": "#0"},
				"west": {"uv": [6.5, 10.75, 8, 11], "texture": "#0"},
				"up": {"uv": [5.5, 4, 4.25, 2.5], "texture": "#0"},
				"down": {"uv": [5.5, 4, 4.25, 5.5], "texture": "#0"}
			}
		},
		{
			"from": [11, 11, 5],
			"to": [13, 12, 11],
			"rotation": {"angle": 0, "axis": "y", "origin": [-8, 16.5, 8]},
			"faces": {
				"north": {"uv": [12.5, 1.5, 13, 1.75], "texture": "#0"},
				"east": {"uv": [8, 10.75, 9.5, 11], "texture": "#0"},
				"south": {"uv": [1.75, 12.5, 2.25, 12.75], "texture": "#0"},
				"west": {"uv": [9.5, 10.75, 11, 11], "texture": "#0"},
				"up": {"uv": [8.5, 3.75, 8, 2.25], "texture": "#0"},
				"down": {"uv": [3.75, 8, 3.25, 9.5], "texture": "#0"}
			}
		},
		{
			"from": [13, 13, 11],
			"to": [15, 14, 13],
			"rotation": {"angle": 0, "axis": "y", "origin": [-8, 16.5, 8]},
			"faces": {
				"north": {"uv": [12.5, 1.75, 13, 2], "texture": "#0"},
				"east": {"uv": [12.5, 2, 13, 2.25], "texture": "#0"},
				"south": {"uv": [2.25, 12.5, 2.75, 12.75], "texture": "#0"},
				"west": {"uv": [12.5, 2.25, 13, 2.5], "texture": "#0"},
				"up": {"uv": [11, 11.75, 10.5, 11.25], "texture": "#0"},
				"down": {"uv": [11.5, 11.25, 11, 11.75], "texture": "#0"}
			}
		},
		{
			"from": [2, 12, 11],
			"to": [4, 13, 13],
			"rotation": {"angle": 0, "axis": "y", "origin": [-8, 16.5, 8]},
			"faces": {
				"north": {"uv": [12.5, 2.5, 13, 2.75], "texture": "#0"},
				"east": {"uv": [12.5, 2.75, 13, 3], "texture": "#0"},
				"south": {"uv": [3, 12.5, 3.5, 12.75], "texture": "#0"},
				"west": {"uv": [12.5, 3, 13, 3.25], "texture": "#0"},
				"up": {"uv": [0.5, 12, 0, 11.5], "texture": "#0"},
				"down": {"uv": [1, 11.5, 0.5, 12], "texture": "#0"}
			}
		},
		{
			"from": [12, 12, 11],
			"to": [14, 13, 13],
			"rotation": {"angle": 0, "axis": "y", "origin": [-8, 16.5, 8]},
			"faces": {
				"north": {"uv": [12.5, 3.25, 13, 3.5], "texture": "#0"},
				"east": {"uv": [3.5, 12.5, 4, 12.75], "texture": "#0"},
				"south": {"uv": [12.5, 3.5, 13, 3.75], "texture": "#0"},
				"west": {"uv": [4.5, 12.5, 5, 12.75], "texture": "#0"},
				"up": {"uv": [1.5, 12, 1, 11.5], "texture": "#0"},
				"down": {"uv": [2, 11.5, 1.5, 12], "texture": "#0"}
			}
		},
		{
			"from": [12, 12, 3],
			"to": [14, 13, 5],
			"rotation": {"angle": 0, "axis": "y", "origin": [-8, 16.5, 8]},
			"faces": {
				"north": {"uv": [12.5, 4.5, 13, 4.75], "texture": "#0"},
				"east": {"uv": [12.5, 4.75, 13, 5], "texture": "#0"},
				"south": {"uv": [5, 12.5, 5.5, 12.75], "texture": "#0"},
				"west": {"uv": [12.5, 5, 13, 5.25], "texture": "#0"},
				"up": {"uv": [2.5, 12, 2, 11.5], "texture": "#0"},
				"down": {"uv": [3, 11.5, 2.5, 12], "texture": "#0"}
			}
		},
		{
			"from": [2, 12, 3],
			"to": [4, 13, 5],
			"rotation": {"angle": 0, "axis": "y", "origin": [-8, 16.5, 8]},
			"faces": {
				"north": {"uv": [12.5, 5.25, 13, 5.5], "texture": "#0"},
				"east": {"uv": [5.5, 12.5, 6, 12.75], "texture": "#0"},
				"south": {"uv": [12.5, 5.5, 13, 5.75], "texture": "#0"},
				"west": {"uv": [12.5, 5.75, 13, 6], "texture": "#0"},
				"up": {"uv": [3.5, 12, 3, 11.5], "texture": "#0"},
				"down": {"uv": [4, 11.5, 3.5, 12], "texture": "#0"}
			}
		},
		{
			"from": [5, 17, 6],
			"to": [6, 18, 10],
			"rotation": {"angle": 0, "axis": "y", "origin": [10, 0, -8]},
			"faces": {
				"north": {"uv": [7, 13.5, 7.25, 13.75], "texture": "#0"},
				"east": {"uv": [4, 11.5, 5, 11.75], "texture": "#0"},
				"south": {"uv": [13.5, 7, 13.75, 7.25], "texture": "#0"},
				"west": {"uv": [11.5, 4.5, 12.5, 4.75], "texture": "#0"},
				"up": {"uv": [1.5, 6.5, 1.25, 5.5], "texture": "#0"},
				"down": {"uv": [1.25, 7, 1, 8], "texture": "#0"}
			}
		},
		{
			"from": [11, 12, 13],
			"to": [13, 13, 14],
			"rotation": {"angle": 0, "axis": "y", "origin": [-8, 16.5, 8]},
			"faces": {
				"north": {"uv": [6, 12.5, 6.5, 12.75], "texture": "#0"},
				"east": {"uv": [7.25, 13.5, 7.5, 13.75], "texture": "#0"},
				"south": {"uv": [12.5, 6, 13, 6.25], "texture": "#0"},
				"west": {"uv": [13.5, 7.25, 13.75, 7.5], "texture": "#0"},
				"up": {"uv": [13, 6.5, 12.5, 6.25], "texture": "#0"},
				"down": {"uv": [13, 6.5, 12.5, 6.75], "texture": "#0"}
			}
		},
		{
			"from": [3, 12, 13],
			"to": [5, 13, 14],
			"rotation": {"angle": 0, "axis": "y", "origin": [-8, 16.5, 8]},
			"faces": {
				"north": {"uv": [12.5, 6.75, 13, 7], "texture": "#0"},
				"east": {"uv": [7.5, 13.5, 7.75, 13.75], "texture": "#0"},
				"south": {"uv": [7, 12.5, 7.5, 12.75], "texture": "#0"},
				"west": {"uv": [13.5, 7.5, 13.75, 7.75], "texture": "#0"},
				"up": {"uv": [13, 7.25, 12.5, 7], "texture": "#0"},
				"down": {"uv": [13, 7.25, 12.5, 7.5], "texture": "#0"}
			}
		},
		{
			"from": [6, 17, 10],
			"to": [10, 18, 11],
			"faces": {
				"north": {"uv": [11.5, 4.75, 12.5, 5], "texture": "#0"},
				"east": {"uv": [7.75, 13.5, 8, 13.75], "texture": "#0"},
				"south": {"uv": [11.5, 5, 12.5, 5.25], "texture": "#0"},
				"west": {"uv": [13.5, 7.75, 13.75, 8], "texture": "#0"},
				"up": {"uv": [12.5, 5.5, 11.5, 5.25], "texture": "#0"},
				"down": {"uv": [6.5, 11.5, 5.5, 11.75], "texture": "#0"}
			}
		},
		{
			"from": [7, 19, 9],
			"to": [9, 20, 10],
			"rotation": {"angle": 0, "axis": "y", "origin": [10, 0, -8]},
			"faces": {
				"north": {"uv": [7.5, 12.5, 8, 12.75], "texture": "#0"},
				"east": {"uv": [8, 13.5, 8.25, 13.75], "texture": "#0"},
				"south": {"uv": [12.5, 7.5, 13, 7.75], "texture": "#0"},
				"west": {"uv": [13.5, 8, 13.75, 8.25], "texture": "#0"},
				"up": {"uv": [13, 8, 12.5, 7.75], "texture": "#0"},
				"down": {"uv": [8.5, 12.5, 8, 12.75], "texture": "#0"}
			}
		},
		{
			"from": [7, 18, 5],
			"to": [9, 19, 6],
			"faces": {
				"north": {"uv": [12.5, 8, 13, 8.25], "texture": "#0"},
				"east": {"uv": [8.25, 13.5, 8.5, 13.75], "texture": "#0"},
				"south": {"uv": [8.5, 12.5, 9, 12.75], "texture": "#0"},
				"west": {"uv": [13.5, 8.25, 13.75, 8.5], "texture": "#0"},
				"up": {"uv": [13, 8.75, 12.5, 8.5], "texture": "#0"},
				"down": {"uv": [13, 8.75, 12.5, 9], "texture": "#0"}
			}
		},
		{
			"from": [6, 17, 5],
			"to": [10, 18, 6],
			"faces": {
				"north": {"uv": [6.5, 11.5, 7.5, 11.75], "texture": "#0"},
				"east": {"uv": [8.5, 13.5, 8.75, 13.75], "texture": "#0"},
				"south": {"uv": [8.5, 11.5, 9.5, 11.75], "texture": "#0"},
				"west": {"uv": [13.5, 8.5, 13.75, 8.75], "texture": "#0"},
				"up": {"uv": [10.5, 11.75, 9.5, 11.5], "texture": "#0"},
				"down": {"uv": [12.5, 11.25, 11.5, 11.5], "texture": "#0"}
			}
		},
		{
			"from": [9, 18, 6],
			"to": [10, 19, 7],
			"rotation": {"angle": 0, "axis": "y", "origin": [10, 0, -8]},
			"faces": {
				"north": {"uv": [8.75, 13.5, 9, 13.75], "texture": "#0"},
				"east": {"uv": [13.5, 8.75, 13.75, 9], "texture": "#0"},
				"south": {"uv": [9, 13.5, 9.25, 13.75], "texture": "#0"},
				"west": {"uv": [13.5, 9, 13.75, 9.25], "texture": "#0"},
				"up": {"uv": [9.5, 13.75, 9.25, 13.5], "texture": "#0"},
				"down": {"uv": [13.75, 9.25, 13.5, 9.5], "texture": "#0"}
			}
		},
		{
			"from": [7, 18, 10],
			"to": [9, 19, 11],
			"faces": {
				"north": {"uv": [9, 12.5, 9.5, 12.75], "texture": "#0"},
				"east": {"uv": [9.5, 13.5, 9.75, 13.75], "texture": "#0"},
				"south": {"uv": [9.5, 12.5, 10, 12.75], "texture": "#0"},
				"west": {"uv": [13.5, 9.5, 13.75, 9.75], "texture": "#0"},
				"up": {"uv": [10.5, 12.75, 10, 12.5], "texture": "#0"},
				"down": {"uv": [11, 12.5, 10.5, 12.75], "texture": "#0"}
			}
		},
		{
			"from": [9, 18, 9],
			"to": [10, 19, 10],
			"rotation": {"angle": 0, "axis": "y", "origin": [10, 0, -8]},
			"faces": {
				"north": {"uv": [9.75, 13.5, 10, 13.75], "texture": "#0"},
				"east": {"uv": [13.5, 9.75, 13.75, 10], "texture": "#0"},
				"south": {"uv": [10, 13.5, 10.25, 13.75], "texture": "#0"},
				"west": {"uv": [13.5, 10, 13.75, 10.25], "texture": "#0"},
				"up": {"uv": [10.5, 13.75, 10.25, 13.5], "texture": "#0"},
				"down": {"uv": [13.75, 10.25, 13.5, 10.5], "texture": "#0"}
			}
		},
		{
			"from": [6, 18, 6],
			"to": [7, 19, 7],
			"rotation": {"angle": 0, "axis": "y", "origin": [10, 0, -8]},
			"faces": {
				"north": {"uv": [10.5, 13.5, 10.75, 13.75], "texture": "#0"},
				"east": {"uv": [13.5, 10.5, 13.75, 10.75], "texture": "#0"},
				"south": {"uv": [10.75, 13.5, 11, 13.75], "texture": "#0"},
				"west": {"uv": [13.5, 10.75, 13.75, 11], "texture": "#0"},
				"up": {"uv": [11.25, 13.75, 11, 13.5], "texture": "#0"},
				"down": {"uv": [13.75, 11, 13.5, 11.25], "texture": "#0"}
			}
		},
		{
			"from": [7, 20, 7],
			"to": [9, 21, 9],
			"rotation": {"angle": 0, "axis": "y", "origin": [10, 0, -8]},
			"faces": {
				"north": {"uv": [12.5, 10.5, 13, 10.75], "texture": "#0"},
				"east": {"uv": [12.5, 10.75, 13, 11], "texture": "#0"},
				"south": {"uv": [11, 12.5, 11.5, 12.75], "texture": "#0"},
				"west": {"uv": [12.5, 11.25, 13, 11.5], "texture": "#0"},
				"up": {"uv": [12, 12, 11.5, 11.5], "texture": "#0"},
				"down": {"uv": [4.5, 11.75, 4, 12.25], "texture": "#0"}
			}
		},
		{
			"from": [6, 18, 9],
			"to": [7, 19, 10],
			"rotation": {"angle": 0, "axis": "y", "origin": [10, 0, -8]},
			"faces": {
				"north": {"uv": [11.25, 13.5, 11.5, 13.75], "texture": "#0"},
				"east": {"uv": [13.5, 11.25, 13.75, 11.5], "texture": "#0"},
				"south": {"uv": [11.5, 13.5, 11.75, 13.75], "texture": "#0"},
				"west": {"uv": [13.5, 11.5, 13.75, 11.75], "texture": "#0"},
				"up": {"uv": [12, 13.75, 11.75, 13.5], "texture": "#0"},
				"down": {"uv": [13.75, 11.75, 13.5, 12], "texture": "#0"}
			}
		},
		{
			"from": [5, 18, 7],
			"to": [6, 19, 9],
			"rotation": {"angle": 0, "axis": "y", "origin": [10, 0, -8]},
			"faces": {
				"north": {"uv": [12, 13.5, 12.25, 13.75], "texture": "#0"},
				"east": {"uv": [11.5, 12.5, 12, 12.75], "texture": "#0"},
				"south": {"uv": [13.5, 12, 13.75, 12.25], "texture": "#0"},
				"west": {"uv": [12.5, 11.5, 13, 11.75], "texture": "#0"},
				"up": {"uv": [12.75, 12.25, 12.5, 11.75], "texture": "#0"},
				"down": {"uv": [12.25, 12.5, 12, 13], "texture": "#0"}
			}
		},
		{
			"from": [6, 19, 7],
			"to": [7, 20, 9],
			"rotation": {"angle": 0, "axis": "y", "origin": [10, 0, -8]},
			"faces": {
				"north": {"uv": [12.25, 13.5, 12.5, 13.75], "texture": "#0"},
				"east": {"uv": [12.25, 12.5, 12.75, 12.75], "texture": "#0"},
				"south": {"uv": [13.5, 12.25, 13.75, 12.5], "texture": "#0"},
				"west": {"uv": [12.5, 12.25, 13, 12.5], "texture": "#0"},
				"up": {"uv": [0.25, 13.25, 0, 12.75], "texture": "#0"},
				"down": {"uv": [0.5, 12.75, 0.25, 13.25], "texture": "#0"}
			}
		},
		{
			"from": [7, 19, 6],
			"to": [9, 20, 7],
			"rotation": {"angle": 0, "axis": "y", "origin": [10, 0, -8]},
			"faces": {
				"north": {"uv": [0.5, 12.75, 1, 13], "texture": "#0"},
				"east": {"uv": [12.5, 13.5, 12.75, 13.75], "texture": "#0"},
				"south": {"uv": [12.75, 0.5, 13.25, 0.75], "texture": "#0"},
				"west": {"uv": [13.5, 12.5, 13.75, 12.75], "texture": "#0"},
				"up": {"uv": [13.25, 1, 12.75, 0.75], "texture": "#0"},
				"down": {"uv": [1.5, 12.75, 1, 13], "texture": "#0"}
			}
		},
		{
			"from": [10, 18, 7],
			"to": [11, 19, 9],
			"rotation": {"angle": 0, "axis": "y", "origin": [10, 0, -8]},
			"faces": {
				"north": {"uv": [12.75, 13.5, 13, 13.75], "texture": "#0"},
				"east": {"uv": [12.75, 1, 13.25, 1.25], "texture": "#0"},
				"south": {"uv": [13.5, 12.75, 13.75, 13], "texture": "#0"},
				"west": {"uv": [12.75, 1.25, 13.25, 1.5], "texture": "#0"},
				"up": {"uv": [1.75, 13.25, 1.5, 12.75], "texture": "#0"},
				"down": {"uv": [2, 12.75, 1.75, 13.25], "texture": "#0"}
			}
		},
		{
			"from": [10, 17, 6],
			"to": [11, 18, 10],
			"rotation": {"angle": 0, "axis": "y", "origin": [10, 0, -8]},
			"faces": {
				"north": {"uv": [13, 13.5, 13.25, 13.75], "texture": "#0"},
				"east": {"uv": [4.5, 11.75, 5.5, 12], "texture": "#0"},
				"south": {"uv": [13.5, 13, 13.75, 13.25], "texture": "#0"},
				"west": {"uv": [5.5, 11.75, 6.5, 12], "texture": "#0"},
				"up": {"uv": [6.75, 12.75, 6.5, 11.75], "texture": "#0"},
				"down": {"uv": [7, 11.75, 6.75, 12.75], "texture": "#0"}
			}
		},
		{
			"from": [11, 12, 3],
			"to": [12, 13, 5],
			"rotation": {"angle": 0, "axis": "y", "origin": [-8, 16.5, 8]},
			"faces": {
				"north": {"uv": [13.25, 13.5, 13.5, 13.75], "texture": "#0"},
				"east": {"uv": [2, 12.75, 2.5, 13], "texture": "#0"},
				"south": {"uv": [13.5, 13.25, 13.75, 13.5], "texture": "#0"},
				"west": {"uv": [2.5, 12.75, 3, 13], "texture": "#0"},
				"up": {"uv": [3.25, 13.25, 3, 12.75], "texture": "#0"},
				"down": {"uv": [3.5, 12.75, 3.25, 13.25], "texture": "#0"}
			}
		},
		{
			"from": [13, 14, 2],
			"to": [14, 15, 3],
			"faces": {
				"north": {"uv": [13.5, 13.5, 13.75, 13.75], "texture": "#0"},
				"east": {"uv": [0, 13.75, 0.25, 14], "texture": "#0"},
				"south": {"uv": [13.75, 0, 14, 0.25], "texture": "#0"},
				"west": {"uv": [0.25, 13.75, 0.5, 14], "texture": "#0"},
				"up": {"uv": [14, 0.5, 13.75, 0.25], "texture": "#0"},
				"down": {"uv": [0.75, 13.75, 0.5, 14], "texture": "#0"}
			}
		},
		{
			"from": [13, 14, 13],
			"to": [14, 15, 14],
			"faces": {
				"north": {"uv": [13.75, 0.5, 14, 0.75], "texture": "#0"},
				"east": {"uv": [0.75, 13.75, 1, 14], "texture": "#0"},
				"south": {"uv": [13.75, 0.75, 14, 1], "texture": "#0"},
				"west": {"uv": [1, 13.75, 1.25, 14], "texture": "#0"},
				"up": {"uv": [14, 1.25, 13.75, 1], "texture": "#0"},
				"down": {"uv": [1.5, 13.75, 1.25, 14], "texture": "#0"}
			}
		},
		{
			"from": [2, 14, 13],
			"to": [3, 15, 14],
			"faces": {
				"north": {"uv": [13.75, 1.25, 14, 1.5], "texture": "#0"},
				"east": {"uv": [1.5, 13.75, 1.75, 14], "texture": "#0"},
				"south": {"uv": [13.75, 1.5, 14, 1.75], "texture": "#0"},
				"west": {"uv": [1.75, 13.75, 2, 14], "texture": "#0"},
				"up": {"uv": [14, 2, 13.75, 1.75], "texture": "#0"},
				"down": {"uv": [2.25, 13.75, 2, 14], "texture": "#0"}
			}
		},
		{
			"from": [2, 14, 2],
			"to": [3, 15, 3],
			"faces": {
				"north": {"uv": [13.75, 2, 14, 2.25], "texture": "#0"},
				"east": {"uv": [2.25, 13.75, 2.5, 14], "texture": "#0"},
				"south": {"uv": [13.75, 2.25, 14, 2.5], "texture": "#0"},
				"west": {"uv": [2.5, 13.75, 2.75, 14], "texture": "#0"},
				"up": {"uv": [14, 2.75, 13.75, 2.5], "texture": "#0"},
				"down": {"uv": [3, 13.75, 2.75, 14], "texture": "#0"}
			}
		},
		{
			"from": [3, 14, 1],
			"to": [5, 15, 5],
			"faces": {
				"north": {"uv": [3.5, 12.75, 4, 13], "texture": "#0"},
				"east": {"uv": [7, 11.75, 8, 12], "texture": "#0"},
				"south": {"uv": [4, 12.75, 4.5, 13], "texture": "#0"},
				"west": {"uv": [8, 11.75, 9, 12], "texture": "#0"},
				"up": {"uv": [8.5, 10.25, 8, 9.25], "texture": "#0"},
				"down": {"uv": [9, 9.25, 8.5, 10.25], "texture": "#0"}
			}
		},
		{
			"from": [11, 14, 1],
			"to": [13, 15, 5],
			"faces": {
				"north": {"uv": [12.75, 4, 13.25, 4.25], "texture": "#0"},
				"east": {"uv": [9, 11.75, 10, 12], "texture": "#0"},
				"south": {"uv": [4.5, 12.75, 5, 13], "texture": "#0"},
				"west": {"uv": [10, 11.75, 11, 12], "texture": "#0"},
				"up": {"uv": [9.5, 10.25, 9, 9.25], "texture": "#0"},
				"down": {"uv": [1, 9.5, 0.5, 10.5], "texture": "#0"}
			}
		},
		{
			"from": [11, 14, 11],
			"to": [13, 15, 15],
			"faces": {
				"north": {"uv": [5, 12.75, 5.5, 13], "texture": "#0"},
				"east": {"uv": [11.75, 11, 12.75, 11.25], "texture": "#0"},
				"south": {"uv": [5.5, 12.75, 6, 13], "texture": "#0"},
				"west": {"uv": [0, 12, 1, 12.25], "texture": "#0"},
				"up": {"uv": [3.75, 10.5, 3.25, 9.5], "texture": "#0"},
				"down": {"uv": [4.25, 9.5, 3.75, 10.5], "texture": "#0"}
			}
		},
		{
			"from": [3, 14, 11],
			"to": [5, 15, 15],
			"faces": {
				"north": {"uv": [6, 12.75, 6.5, 13], "texture": "#0"},
				"east": {"uv": [1, 12, 2, 12.25], "texture": "#0"},
				"south": {"uv": [6.5, 12.75, 7, 13], "texture": "#0"},
				"west": {"uv": [2, 12, 3, 12.25], "texture": "#0"},
				"up": {"uv": [4.75, 10.5, 4.25, 9.5], "texture": "#0"},
				"down": {"uv": [10, 4.5, 9.5, 5.5], "texture": "#0"}
			}
		},
		{
			"from": [1, 14, 3],
			"to": [3, 15, 5],
			"faces": {
				"north": {"uv": [7, 12.75, 7.5, 13], "texture": "#0"},
				"east": {"uv": [7.5, 12.75, 8, 13], "texture": "#0"},
				"south": {"uv": [8, 12.75, 8.5, 13], "texture": "#0"},
				"west": {"uv": [12.75, 8.25, 13.25, 8.5], "texture": "#0"},
				"up": {"uv": [11.5, 12.25, 11, 11.75], "texture": "#0"},
				"down": {"uv": [3.5, 12, 3, 12.5], "texture": "#0"}
			}
		},
		{
			"from": [11, 15, 13],
			"to": [13, 16, 14],
			"faces": {
				"north": {"uv": [8.5, 12.75, 9, 13], "texture": "#0"},
				"east": {"uv": [13.75, 2.75, 14, 3], "texture": "#0"},
				"south": {"uv": [9, 12.75, 9.5, 13], "texture": "#0"},
				"west": {"uv": [3, 13.75, 3.25, 14], "texture": "#0"},
				"up": {"uv": [13.25, 9.25, 12.75, 9], "texture": "#0"},
				"down": {"uv": [13.25, 9.25, 12.75, 9.5], "texture": "#0"}
			}
		},
		{
			"from": [4, 15, 3],
			"to": [5, 16, 5],
			"faces": {
				"north": {"uv": [13.75, 3, 14, 3.25], "texture": "#0"},
				"east": {"uv": [9.5, 12.75, 10, 13], "texture": "#0"},
				"south": {"uv": [3.25, 13.75, 3.5, 14], "texture": "#0"},
				"west": {"uv": [12.75, 9.5, 13.25, 9.75], "texture": "#0"},
				"up": {"uv": [13, 10.25, 12.75, 9.75], "texture": "#0"},
				"down": {"uv": [10.25, 12.75, 10, 13.25], "texture": "#0"}
			}
		},
		{
			"from": [11, 15, 3],
			"to": [12, 16, 5],
			"faces": {
				"north": {"uv": [13.75, 3.25, 14, 3.5], "texture": "#0"},
				"east": {"uv": [10.25, 12.75, 10.75, 13], "texture": "#0"},
				"south": {"uv": [3.5, 13.75, 3.75, 14], "texture": "#0"},
				"west": {"uv": [12.75, 10.25, 13.25, 10.5], "texture": "#0"},
				"up": {"uv": [11, 13.25, 10.75, 12.75], "texture": "#0"},
				"down": {"uv": [11.25, 12.75, 11, 13.25], "texture": "#0"}
			}
		},
		{
			"from": [11, 15, 11],
			"to": [12, 16, 13],
			"faces": {
				"north": {"uv": [13.75, 3.5, 14, 3.75], "texture": "#0"},
				"east": {"uv": [12.75, 11, 13.25, 11.25], "texture": "#0"},
				"south": {"uv": [3.75, 13.75, 4, 14], "texture": "#0"},
				"west": {"uv": [11.25, 12.75, 11.75, 13], "texture": "#0"},
				"up": {"uv": [12, 13.25, 11.75, 12.75], "texture": "#0"},
				"down": {"uv": [13, 11.75, 12.75, 12.25], "texture": "#0"}
			}
		},
		{
			"from": [4, 15, 11],
			"to": [5, 16, 13],
			"faces": {
				"north": {"uv": [13.75, 3.75, 14, 4], "texture": "#0"},
				"east": {"uv": [12.25, 12.75, 12.75, 13], "texture": "#0"},
				"south": {"uv": [4, 13.75, 4.25, 14], "texture": "#0"},
				"west": {"uv": [12.75, 12.5, 13.25, 12.75], "texture": "#0"},
				"up": {"uv": [13, 13.25, 12.75, 12.75], "texture": "#0"},
				"down": {"uv": [13.25, 0, 13, 0.5], "texture": "#0"}
			}
		},
		{
			"from": [3, 15, 13],
			"to": [5, 16, 14],
			"faces": {
				"north": {"uv": [0.5, 13, 1, 13.25], "texture": "#0"},
				"east": {"uv": [13.75, 4, 14, 4.25], "texture": "#0"},
				"south": {"uv": [1, 13, 1.5, 13.25], "texture": "#0"},
				"west": {"uv": [4.25, 13.75, 4.5, 14], "texture": "#0"},
				"up": {"uv": [13.5, 1.75, 13, 1.5], "texture": "#0"},
				"down": {"uv": [13.5, 1.75, 13, 2], "texture": "#0"}
			}
		},
		{
			"from": [3, 15, 2],
			"to": [5, 16, 3],
			"faces": {
				"north": {"uv": [2, 13, 2.5, 13.25], "texture": "#0"},
				"east": {"uv": [13.75, 4.25, 14, 4.5], "texture": "#0"},
				"south": {"uv": [13, 2, 13.5, 2.25], "texture": "#0"},
				"west": {"uv": [4.5, 13.75, 4.75, 14], "texture": "#0"},
				"up": {"uv": [13.5, 2.5, 13, 2.25], "texture": "#0"},
				"down": {"uv": [3, 13, 2.5, 13.25], "texture": "#0"}
			}
		},
		{
			"from": [11, 15, 2],
			"to": [13, 16, 3],
			"faces": {
				"north": {"uv": [13, 2.5, 13.5, 2.75], "texture": "#0"},
				"east": {"uv": [13.75, 4.5, 14, 4.75], "texture": "#0"},
				"south": {"uv": [13, 2.75, 13.5, 3], "texture": "#0"},
				"west": {"uv": [4.75, 13.75, 5, 14], "texture": "#0"},
				"up": {"uv": [13.5, 3.25, 13, 3], "texture": "#0"},
				"down": {"uv": [13.5, 3.25, 13, 3.5], "texture": "#0"}
			}
		},
		{
			"from": [12, 15, 11],
			"to": [14, 16, 13],
			"faces": {
				"north": {"uv": [3.5, 13, 4, 13.25], "texture": "#0"},
				"east": {"uv": [13, 3.5, 13.5, 3.75], "texture": "#0"},
				"south": {"uv": [13, 3.75, 13.5, 4], "texture": "#0"},
				"west": {"uv": [4, 13, 4.5, 13.25], "texture": "#0"},
				"up": {"uv": [4, 12.5, 3.5, 12], "texture": "#0"},
				"down": {"uv": [5, 12, 4.5, 12.5], "texture": "#0"}
			}
		},
		{
			"from": [2, 15, 11],
			"to": [4, 16, 13],
			"faces": {
				"north": {"uv": [13, 4.25, 13.5, 4.5], "texture": "#0"},
				"east": {"uv": [4.5, 13, 5, 13.25], "texture": "#0"},
				"south": {"uv": [13, 4.5, 13.5, 4.75], "texture": "#0"},
				"west": {"uv": [13, 4.75, 13.5, 5], "texture": "#0"},
				"up": {"uv": [5.5, 12.5, 5, 12], "texture": "#0"},
				"down": {"uv": [6, 12, 5.5, 12.5], "texture": "#0"}
			}
		},
		{
			"from": [2, 15, 3],
			"to": [4, 16, 5],
			"faces": {
				"north": {"uv": [5, 13, 5.5, 13.25], "texture": "#0"},
				"east": {"uv": [13, 5, 13.5, 5.25], "texture": "#0"},
				"south": {"uv": [13, 5.25, 13.5, 5.5], "texture": "#0"},
				"west": {"uv": [5.5, 13, 6, 13.25], "texture": "#0"},
				"up": {"uv": [12.5, 6, 12, 5.5], "texture": "#0"},
				"down": {"uv": [6.5, 12, 6, 12.5], "texture": "#0"}
			}
		},
		{
			"from": [12, 15, 3],
			"to": [14, 16, 5],
			"faces": {
				"north": {"uv": [13, 5.5, 13.5, 5.75], "texture": "#0"},
				"east": {"uv": [13, 5.75, 13.5, 6], "texture": "#0"},
				"south": {"uv": [6, 13, 6.5, 13.25], "texture": "#0"},
				"west": {"uv": [13, 6, 13.5, 6.25], "texture": "#0"},
				"up": {"uv": [12.5, 6.5, 12, 6], "texture": "#0"},
				"down": {"uv": [12.5, 6.5, 12, 7], "texture": "#0"}
			}
		},
		{
			"from": [13, 14, 3],
			"to": [15, 15, 5],
			"faces": {
				"north": {"uv": [13, 6.25, 13.5, 6.5], "texture": "#0"},
				"east": {"uv": [6.5, 13, 7, 13.25], "texture": "#0"},
				"south": {"uv": [13, 6.5, 13.5, 6.75], "texture": "#0"},
				"west": {"uv": [13, 6.75, 13.5, 7], "texture": "#0"},
				"up": {"uv": [7.5, 12.5, 7, 12], "texture": "#0"},
				"down": {"uv": [12.5, 7, 12, 7.5], "texture": "#0"}
			}
		},
		{
			"from": [13, 14, 11],
			"to": [15, 15, 13],
			"faces": {
				"north": {"uv": [7, 13, 7.5, 13.25], "texture": "#0"},
				"east": {"uv": [13, 7, 13.5, 7.25], "texture": "#0"},
				"south": {"uv": [13, 7.25, 13.5, 7.5], "texture": "#0"},
				"west": {"uv": [7.5, 13, 8, 13.25], "texture": "#0"},
				"up": {"uv": [8, 12.5, 7.5, 12], "texture": "#0"},
				"down": {"uv": [12.5, 7.5, 12, 8], "texture": "#0"}
			}
		},
		{
			"from": [1, 14, 11],
			"to": [3, 15, 13],
			"faces": {
				"north": {"uv": [13, 7.5, 13.5, 7.75], "texture": "#0"},
				"east": {"uv": [13, 7.75, 13.5, 8], "texture": "#0"},
				"south": {"uv": [8, 13, 8.5, 13.25], "texture": "#0"},
				"west": {"uv": [13, 8, 13.5, 8.25], "texture": "#0"},
				"up": {"uv": [8.5, 12.5, 8, 12], "texture": "#0"},
				"down": {"uv": [9, 12, 8.5, 12.5], "texture": "#0"}
			}
		},
		{
			"from": [11, 16, 5],
			"to": [13, 17, 11],
			"faces": {
				"north": {"uv": [8.5, 13, 9, 13.25], "texture": "#0"},
				"east": {"uv": [0, 11, 1.5, 11.25], "texture": "#0"},
				"south": {"uv": [13, 8.5, 13.5, 8.75], "texture": "#0"},
				"west": {"uv": [1.5, 11, 3, 11.25], "texture": "#0"},
				"up": {"uv": [4.25, 9.5, 3.75, 8], "texture": "#0"},
				"down": {"uv": [4.75, 8, 4.25, 9.5], "texture": "#0"}
			}
		},
		{
			"from": [11, 15, 5],
			"to": [15, 16, 11],
			"faces": {
				"north": {"uv": [12, 3.75, 13, 4], "texture": "#0"},
				"east": {"uv": [11, 1.5, 12.5, 1.75], "texture": "#0"},
				"south": {"uv": [12, 4.25, 13, 4.5], "texture": "#0"},
				"west": {"uv": [11, 1.75, 12.5, 2], "texture": "#0"},
				"up": {"uv": [8, 4, 7, 2.5], "texture": "#0"},
				"down": {"uv": [6.5, 7, 5.5, 8.5], "texture": "#0"}
			}
		},
		{
			"from": [11, 14, 5],
			"to": [16, 15, 11],
			"faces": {
				"north": {"uv": [11, 9.5, 12.25, 9.75], "texture": "#0"},
				"east": {"uv": [11, 2, 12.5, 2.25], "texture": "#0"},
				"south": {"uv": [11, 9.75, 12.25, 10], "texture": "#0"},
				"west": {"uv": [11, 2.25, 12.5, 2.5], "texture": "#0"},
				"up": {"uv": [5.75, 1.5, 4.5, 0], "texture": "#0"},
				"down": {"uv": [2.75, 5.25, 1.5, 6.75], "texture": "#0"}
			}
		},
		{
			"from": [0, 14, 5],
			"to": [5, 15, 11],
			"faces": {
				"north": {"uv": [11, 10, 12.25, 10.25], "texture": "#0"},
				"east": {"uv": [11, 2.5, 12.5, 2.75], "texture": "#0"},
				"south": {"uv": [11, 10.25, 12.25, 10.5], "texture": "#0"},
				"west": {"uv": [11, 2.75, 12.5, 3], "texture": "#0"},
				"up": {"uv": [4, 6.75, 2.75, 5.25], "texture": "#0"},
				"down": {"uv": [1.25, 5.5, 0, 7], "texture": "#0"}
			}
		},
		{
			"from": [5, 16, 11],
			"to": [11, 17, 13],
			"faces": {
				"north": {"uv": [3, 11, 4.5, 11.25], "texture": "#0"},
				"east": {"uv": [13, 8.75, 13.5, 9], "texture": "#0"},
				"south": {"uv": [11, 3, 12.5, 3.25], "texture": "#0"},
				"west": {"uv": [9, 13, 9.5, 13.25], "texture": "#0"},
				"up": {"uv": [9.5, 5, 8, 4.5], "texture": "#0"},
				"down": {"uv": [9.5, 5, 8, 5.5], "texture": "#0"}
			}
		},
		{
			"from": [3, 16, 5],
			"to": [5, 17, 11],
			"faces": {
				"north": {"uv": [9.5, 13, 10, 13.25], "texture": "#0"},
				"east": {"uv": [11, 3.25, 12.5, 3.5], "texture": "#0"},
				"south": {"uv": [13, 9.75, 13.5, 10], "texture": "#0"},
				"west": {"uv": [11, 3.5, 12.5, 3.75], "texture": "#0"},
				"up": {"uv": [1.5, 9.75, 1, 8.25], "texture": "#0"},
				"down": {"uv": [2, 8.25, 1.5, 9.75], "texture": "#0"}
			}
		}
	],
	"display": {
		"thirdperson_righthand": {
			"translation": [0, -1.25, 0],
			"scale": [0.5, 0.5, 0.5]
		},
		"thirdperson_lefthand": {
			"translation": [0, -1.25, 0],
			"scale": [0.5, 0.5, 0.5]
		},
		"firstperson_righthand": {
			"rotation": [-17, -32, 6],
			"translation": [-0.75, 0, 0],
			"scale": [0.5, 0.5, 0.5]
		},
		"firstperson_lefthand": {
			"rotation": [-17, -32, 6],
			"translation": [-0.75, 0, 0],
			"scale": [0.5, 0.5, 0.5]
		},
		"ground": {
			"translation": [0, 4.25, 0],
			"scale": [0.5, 0.5, 0.5]
		},
		"gui": {
			"rotation": [33, 31, 0],
			"scale": [0.5, 0.5, 0.5]
		},
		"head": {
			"translation": [0, 17, 0]
		},
		"fixed": {
			"rotation": [-90, 0, 0],
			"translation": [0, 0, -7.75]
		}
	},
	"groups": [
		{
			"name": "group",
			"origin": [-8, 16.5, 8],
			"color": 0,
			"children": [
				0,
				1,
				2,
				3,
				4,
				5,
				6,
				7,
				8,
				9,
				10,
				11,
				12,
				13,
				14,
				15,
				16,
				17,
				18,
				19,
				20,
				21,
				22,
				23,
				24,
				25,
				26,
				27,
				28,
				29,
				30,
				31,
				32,
				33,
				34,
				35,
				36,
				37,
				38,
				39,
				40,
				41,
				42,
				43,
				44,
				45,
				46,
				47,
				48,
				49,
				50,
				51,
				52,
				53,
				54,
				55,
				56,
				57,
				58,
				59,
				60,
				61,
				62,
				63,
				64,
				65,
				66,
				67,
				68,
				69,
				70,
				71,
				72,
				73,
				74,
				75,
				76,
				77,
				78,
				79,
				80,
				81,
				82,
				83,
				84,
				85,
				86,
				{
					"name": "ufo",
					"origin": [0, 0, 0],
					"color": 0,
					"children": [
						87,
						{
							"name": "ufo",
							"origin": [0, 0, 0],
							"color": 0,
							"children": [88, 89, 90, 91, 92, 93, 94, 95, 96, 97, 98, 99, 100, 101, 102, 103, 104, 105, 106, 107, 108, 109, 110, 111, 112, 113, 114, 115, 116, 117]
						}
					]
				}
			]
		}
	]
}