{
	"credit": "Made with Love by Hark",
	"textures": {
		"0": "hat_textures/witch_hat",
		"particle": "carved_pumpkin"
	},
	"elements": [
		{
			"from": [4, 0, 4],
			"to": [12, 4, 12],
			"faces": {
				"north": {"uv": [0, 8, 2, 9], "texture": "#0"},
				"east": {"uv": [8, 0, 10, 1], "texture": "#0"},
				"south": {"uv": [8, 1, 10, 2], "texture": "#0"},
				"west": {"uv": [2, 8, 4, 9], "texture": "#0"},
				"up": {"uv": [6, 6, 4, 4], "texture": "#0"},
				"down": {"uv": [8, 0, 6, 2], "texture": "#0"}
			}
		},
		{
			"from": [3.8, -0.2, 3.8],
			"to": [12.2, 4.2, 12.2],
			"faces": {
				"north": {"uv": [7.5, 2, 9.5, 3], "texture": "#0"},
				"east": {"uv": [7.5, 3, 9.5, 4], "texture": "#0"},
				"south": {"uv": [7.5, 4, 9.5, 5], "texture": "#0"},
				"west": {"uv": [4, 7.75, 6, 8.75], "texture": "#0"},
				"up": {"uv": [6, 2, 4, 0], "texture": "#0"},
				"down": {"uv": [6, 2, 4, 4], "texture": "#0"}
			}
		},
		{
			"from": [0, -0.01, 0],
			"to": [16, -0.01, 16],
			"faces": {
				"north": {"uv": [0, 0, 4, 0], "texture": "#0"},
				"east": {"uv": [0, 0, 4, 0], "texture": "#0"},
				"south": {"uv": [0, 0, 4, 0], "texture": "#0"},
				"west": {"uv": [0, 0, 4, 0], "texture": "#0"},
				"up": {"uv": [4, 4, 0, 0], "texture": "#0"},
				"down": {"uv": [4, 4, 0, 8], "texture": "#0"}
			}
		},
		{
			"from": [6.5, 10.04537, 8.81178],
			"to": [9.5, 16.04537, 11.81178],
			"rotation": {"angle": 45, "axis": "x", "origin": [8, 10.04956, 8.80551]},
			"faces": {
				"north": {"uv": [6, 7.75, 6.75, 9.25], "texture": "#0"},
				"east": {"uv": [8.5, 5, 9.25, 6.5], "texture": "#0"},
				"south": {"uv": [8.5, 6.5, 9.25, 8], "texture": "#0"},
				"west": {"uv": [6.75, 8.5, 7.5, 10], "texture": "#0"},
				"up": {"uv": [8.25, 9.25, 7.5, 8.5], "texture": "#0"},
				"down": {"uv": [9.25, 8, 8.5, 8.75], "texture": "#0"}
			}
		},
		{
			"from": [5, 4, 5],
			"to": [11, 11, 11],
			"rotation": {"angle": 22.5, "axis": "x", "origin": [8, 4, 5]},
			"faces": {
				"north": {"uv": [6, 2, 7.5, 3.75], "texture": "#0"},
				"east": {"uv": [6, 3.75, 7.5, 5.5], "texture": "#0"},
				"south": {"uv": [4, 6, 5.5, 7.75], "texture": "#0"},
				"west": {"uv": [5.5, 6, 7, 7.75], "texture": "#0"},
				"up": {"uv": [8.5, 7, 7, 5.5], "texture": "#0"},
				"down": {"uv": [8.5, 7, 7, 8.5], "texture": "#0"}
			}
		}
	],
	"display": {
		"thirdperson_righthand": {
			"rotation": [75, 45, 0],
			"translation": [-0.25, 2, 1.25],
			"scale": [0.375, 0.375, 0.375]
		},
		"thirdperson_lefthand": {
			"rotation": [75, 45, 0],
			"translation": [-0.25, 2, 1.25],
			"scale": [0.375, 0.375, 0.375]
		},
		"firstperson_righthand": {
			"rotation": [0, 45, 0],
			"translation": [0.5, 5, 0],
			"scale": [0.7, 0.7, 0.7]
		},
		"firstperson_lefthand": {
			"rotation": [0, 45, 0],
			"translation": [0.5, 5, 0],
			"scale": [0.7, 0.7, 0.7]
		},
		"ground": {
			"translation": [0, 3, 0],
			"scale": [0.25, 0.25, 0.25]
		},
		"gui": {
			"rotation": [30, 225, 0],
			"translation": [0, 2, 0],
			"scale": [0.625, 0.625, 0.625]
		},
		"head": {
			"rotation": [14, 0, 0],
			"translation": [0, 16.75, 3.75],
			"scale": [1.85, 1.85, 1.85]
		},
		"fixed": {
			"rotation": [-90, 0, 0],
			"translation": [0, 1.5, -16.5],
			"scale": [2, 2, 2]
		}
	},
	"groups": [
		{
			"name": "witch_hat",
			"origin": [8, 8, 8],
			"color": 0,
			"children": [
				{
					"name": "group",
					"origin": [0, 0, 0],
					"color": 0,
					"children": [
						0,
						1,
						2,
						{
							"name": "group",
							"origin": [0, 0, 0],
							"color": 0,
							"children": [3, 4]
						}
					]
				}
			]
		}
	]
}